ZERI,variants,new
,"of the most esteemed fruits at present cultivated in Great Britain:London printed by Bensley, 1817, 2 tomes en 1 vol",False
,de quarante-cinq portraits graves par les premiers artistes de Londres,False
,"des Dix, 19oo, gr",False
,"des Dix, Romagnol, 1go3, in-8, veau fauve, le premier plat orne d'un cuir modele representant un faisceau d'attributs guerriers sur un fond granite, motifs de ferronnerie modeles dans les angles, encadr",False
,"Eclectique, Blaizot, Kieffer, 1912, in-4, mar",False
,"des Dix,19oo,in-8,mar",False
,"1894,T",False
,von Molthein) 105,False
,Stephanik,False
,"en 1904,cet exemplaire produisit flor",False
,"DE PIECES DES XVIeET XVIIe SIECLES, PUIS QUELQUES PIECES DU XVIHIe",False
,"de medailles et de plaquettes publiees par cette societe, puis quelques autres medailles du meme genre",False
,"DE MEDAILLES ET DE MONNAIES EN CUIVRE,du XVIle au XIXe siecle",False
,DE MEDAILLES SE RAPPORTANT AUX ORIENTALES,False
,DE MEREAUX des gildes et corpora tions d'Amsterdam,False
,"d'insignes et de plombs se rapportant a diverses societes et clubs d'Amsterdam,expositions, fetes, etc",False
,"IMPORTANTE DE BEAUX MEREAUX des gildes de Middelbourg, datant du XVIIe siecle",False
,DE CACHETS MATRICES employes,False
,Lobbecke H,False
,Faure Auktion Frankfurt 1913 Nr,False
,Henrici Nr,False
,"di braccialetti, fibbie, ecc",False
,"di bronzi di scavo: idoli, protome di ani mali, specilli, braccialetti, ecc",False
,de Sir Th,False
,de Mr,False
,Villegas,False
,du Dr H,False
,du comte Jerome Possenti de Fabriano),False
,"du marquis Caccialupi de Macerata,achetee par le Rev",False
,P,False
,"du Marquis Caccialupi de Macerata,achetee par le R",False
,Nevin,False
,Martinetti,False
,du celebre sculpteur Prof,False
,"de vingt-cinq pieces:brocs, plats, etc",False
,Spinola,False
,"de manches de couteaux et de canifs en bronze,en os et en ivoire,a motifs de decoration mythologique et chimerique",False
,du duc de Buceleugh a Londres,False
,du Prince Sciarra,False
,"par la vivacite des couleurs, l'expression des regards, la finesse du dessin et le naturel des poses",False
,du marquis Guidi de Faenza,False
,Borghese,False
,Athens,False
,Cairo,False
,London,False
,of M,False
,illustrated in the cata- logue(1907: Tome I; No,False
,),False
,of the Medicis,False
,"UNIQUE DE 56 COSTUMES des soldats lombards et venitiens de 1annee 1848et 1849,peints a l'huile sur carton par Faustino Loli de Brescia",False
,du Prince d'Ottajano,False
,Castracane),False
,"de petites breloques en or (épee, fusil, kolpak, dolman, violon, botte, canon, sabre, tache)",False
,"d'autographes, soit au point de vue de l'originalite que de lhistoire",False
,du Gran Duc de Toscane),False
,Ressmann,False
,"de dessins et estampes du XVI et XVII siecle,dans une cou verture de livre en cuir avec dorurea petits fers du XVIl siecle",False
,J,False
,"of Vicomte Bernard d'Hendecourt,  London",False
,at Florence,False
,"at Milano, and before that it was in the Colbacchini Collection at Venice",False
,at Venice,False
,in London,False
,at Munich,False
,of St,False
,at Paris,False
,"of Gount Albani, Bergamo",False
,of Signor Noseda of Milan,False
,"of the painter, Francesco Monti, called the Bres- cianino (Brescia,1646;Parma,1712)",False
,of the Counts Bertioli of Parma (purchased by themI738),False
,Rome,False
,(stamped,False
,Geneva,False
,"of Count Gelozzi,Turin",False
,Milan (Stamped,False
,Florence,False
,in the catalogue of which (edited by Messrs,False
,asa workof Brueghel the Elder:an attribution entirely corroborated byaclose reading of the date,False
,"of Marczell von Nemes, formerly in Buda-Pesth",False
,of Cardinal Fesch,False
,Paris,False
,"of Louis-Philippe,King",False
,Johann Meyer de Dresde,False
,1913 p,False
,"in Dresden"" ou il fait 1eloge de ce tableau",False
,du baron Michel de Tretaigne,False
,"""19i3 dans larticle de Emil Waldmann ,Die Meyersche Gemaldesammlung in Dresden"",p",False
,"in Dresden"",p",False
,"Johann Meyer publie dans les ,Mitteilungen aus den sachsischen Kunstsammlungen, 1913 p",False
,"du Prince d'Erbach,Erbach",False
,Kaufmann deBerlin,False
,dePhiladelphia(voir le catalogue deM,False
,Pierre Decourcelles de Paris,False
,"Wallace a Londres,etc",False
,Borrondo,False
,"Don Pidal,petit-fils de Don Francisco de Savedra",False
,Don Rafael Garcia,False
,"Comte Orsetti,Lucca",False
,"de Somzee,Bruxelles Igo4",False
,"Lady Cooper,Londres",False
,Maurice Kann Paris,False
,Prince Galitzin,False
,Ew,False
,"de Sir Henry Irving,Green Room,Lyceum Theatre,Londres",False
,"in Wien',Vienne IgI9",False
,"Richard vonKaufmann,248",False
,di Cristiano Banti,False
,"e dei critici sopra questo importante dipinto,per lungo tempo attribuito a Beato Angelico del quale ha tutta la vivace,smagliante bellezza delle tinte,la drappeggiatura  delle stoffe",False
,Franciosi de Carpi,False
,Molza de Modene,False
,Bentivoglio de Modene,False
,"Franciosi de Carpi,jadis appartenant a la Collection d'Andre Corbolani de Modene",False
,d'Andre Corbolani de Modene,False
,Diena de Modene,False
,Pignatelli,False
,Favenza,True
,"aucun ensemble d'objets de cette nature comparable a la collection que nous mettons en vente, et dont",True
,"que nous mettons en vente, et dont",True
,"Buckardt,Berlin",True
,"Vertunni),payé Sooo frs",True
,du Vicomte de Several,True
,du marquis Trivulzio de Milan,True
,Calbo Crotta,True
,Berlendis,True
,del Principe di Sirignano,True
,Alt,True
,XVIII secolo,True
,discretamente conservati,True
,Bevilacqua La Masa m,True
,Sarti,True
,"di ventisei miniature di autori diversi, alcune di scuola inglese",True
,d'assiettes a decor bleu et polychrome varie,True
,de grands plats a decor bleu varie de rinceaux,True
,de huit vases-bouteilles d'etagere,True
,de seize vases-bouteilles d'etagere de differents modeles,True
,de petites potiches et de vases d'etagere,True
,de treize potiches couvertes d'etagere et une garniture de cinq pieces,True
,DETAPIS PERSANS,True
,Insinger-van Loon,True
,de lances des Indes Orientales,True
,de 37 tasses et de 4I soucoupes,True
,de 53 tasses avec 4o soucoupes,True
,de 5o tasses avec 61 soucoupes,True
,"de 67 tasses et de 94 soucoupes, parmi lesquelles plusieurs suites",True
,comprenant 95 tasses et 46 soucoupes parmi lesquelles quelques suites,True
,"de plats et d'assiettes a decor orangiste a sujets varies,portraits, vers, etc",True
,interessante,True
,d'objets divers en cristal taille,True
,"Werner Dahl, Dusseldorf,1905",True
,"d'étoffes et de broderies en velours, en brocatelle,en soie, etc",True
,"Miller von Aichholz, de Vienne",True
,"d'etoffes et de broderies en velours, en brocatelle,en soie, etc",True
,"d'objets divers, antiques et de diverses époques plus recentes, tels que:bronzes,bagues,fbules,boucles,agrafes,plaquettes,montures de meubles et de reliures, colliers de pierreries diverses, etc",True
,"de sept couteaux a manches en ivoire, en corne, en nacre et en fer forge",True
,de neuf clefs en fer forge dont une pour arquebuse,True
,des allerhochsten osteyreichischen Kaiserhauses,True
,"d'étoffes diverses; velours, soie, broderies,etc",True
,de specimens d'un beau dessin et d'un beau coloris,True
,de M,True
,Mylius,True
,Castellani,True
,du Grand- Duc de Toscane,True
,D'Erlach de Berne),True
,du prince Demidoff,True
,tres rares,True
,of Fairfax Murray,True
,"Lamps,etc",True
,L,True
,C,True
,"et un petit dessin representant un Guerrier, par Polidoro da Caravaggio",True
,di n,True
,"di circa trecentocinquanta orchidee,fra le piu importanti da notarsi:Vanda Battemanni,Rhenanthera Lobi,Angrelum Jesquipedale,Aerides Laurenciana,Cymbidium Lobianum,Cassleya Trianae,ecc",True
,"de dessins et estampes du XVI et XVII siecle,dans une cou verture de livre en cuir avec dorure a petits fers du XVIl siecle",True
,in Rome,True
,"and represented Titian drawing, with one hand holding a portfolio and with the other a pencil",True
,del duca Melzi d'Eril,True
,Hauptmann a Paris,True
,Dreyfus a Paris et a ceux du musee de Berlin (Cat,True
,"of Poems, 1748, etc",True
,of all publicke ordinances and declarations of both Houses of Parliament                                                 |,True
,"of shells and polished pebbles, 2 small microscopes,and a magnifying glass |",True
,of F,True
,1890,True
,of C,True
,From the Collection of W,True
,of W,True
,"of Mezzotints,Photographs of Italian Scenes, Engravings, etc",True
,"of Autograph Letters; purple morocco,gilt and blind tooled, g",True
,of Auto,True
,including notes of rhymes(e,True
,de Clavier Compositionen herausgegeben von F,True
,"of British Authors, Tauchnitz Edition,Vol",True
,"of Old Plays, vol",True
,"of Letters,18471855,portrait and illustrations,1887 imp",True
,An,True
,of about One Hundred small Engravings by,True
,"of graph signature of""Robert Browning""on title,old calf, broken",True
,"of Essays on Greek Poetry, Philosophy, History and Religion,edited by E",True
,"by Henry James,2 vol",True
,"of a First Visit to the Alps in August and September,1841,""Robert Browning,Esq",True
,"of the last Days of Shelley and Byron, portrait,autograph signature of ""Robert Browning""on half-title, and note by him inside cover sm",True
,"of the History of England, autograph signature of ""Robert Browning""on fy-leaf,calf, broken folio",True
,of Interesting,True
,"of Autograph Letters; purple morocco, gilt and blind tooled, g",True
,"of a Literary Life"" Miss Mitford has left an interesting account of her first meeting with Miss Barrett in 1836, and fromthatdatetillthe deathoftheelderladyin1855thetwo were on terms of intimate friendship",True
,including notes of rhymes (e,True
,"of about One Hundred small Engravings by Hogarth,mounted in 1 vol",True
,"of Original Poems,with several New Translations,frontispiece,autograph signature of ""Robert Browning""on title, old calf, broken 8v0",True
,"of Essays on Greek Poetry, Philosophy, History and Religion, edited by E",True
,"by Henry James,2vol",True
,"of the last Days of Shelley and Byron, and notebyhim insidecover sm",True
,"of the History of England, autograph signature of""Robert Browning""on fy-leaf, calf, broken folio",True
,"of Interesting Fragments in Prose and Verse, 2vol",True
,"of King LouisPhilippe,1853 in",True
,1859,True
,"ofDavid Garrick,1823 From the Collection of Sir Henry Irving,1905",True
,"of Sir Henry Irving,1905",True
,"1897 Echibited at the Echibition of Spanish Old Masters, Grafton Galleries,1913-14",True
,"of ethnological and other specimens, comprising a number of minerals and cut stones, a model of a gondola, etc",True
,"of marine,entomological and other natural history specimens,with antlers and bones from prehistoric burials",True
,"of corals, containing many large",True
,"of ORES AND MINERALs, contained in oak cabinet,with glazed doors,marble ledge and 21 drawers under,8ft",True
,"of mineral specimens in glazed case, a pair of stag-horn candlesticks,a stag's foot,a wood spoon,and 7small ornaments",True
,"of ancient Egyptian objects,comprising a fine blue Ushabti figure of Seti Ist,Men-Maat-Ra,4 others in faience and wood, an alabaster unguent vessel with lid, 2 with unexamined contents,10 bronze amulets of Osiris on step plinth,a blue faience ring, etc",True
,"of Etruscan bucchero ware and other vases,comprising 2 kantheri, several patera,frag- A A scale model of the Ruins of Pompei, showing the Forum, temples of Neptune and Isis, the small and great theatres, etc",True
,"of Beautiful Drawings of Ancient Seals of Wales, Cumberland and Ireland,by B",True
,of Engravings of Emblems by H,True
,"of Water-colour Drawings, Pencil Sketches, etc",True
,"der Beruhmtesten Pallaste Gebaide und der Schonsten Gegenden von und um, Wien, with 90 coloured views, sm",True
,"of Caricatures, Coloured other Costume Plates, Sporting Prints, Water-colour Drawings, Coloured Plates of Dancing, Head-dress, etc",True
,"of Prints, by Callot, Stefano, Della Bella and others, Costumes for the Four Seasons",True
,"on various subjects,Political, Corn, Currency,Foreign Affairs, etc",True
,"of Old Plays,bound in 4 vol",True
,of the Marquis Aldovani,True
,米 of Mr,True
,"of Sir Julian Goldsmid,Bart",True
,"Boitelle,Paris,1867 Collection of E",True
,of E,True
,"Westonbirt,"" plate lecix",True
,"Westonbirt,""",True
,Dorchester,True
,"Dorchester House,""plate clii",True
,"Westonbirt,"" plate loccii See Illaustration",True
,"Dorchester House,""plate cocic",True
,"Westonbirt, plate ccic",True
,"Westonbirt,"" plate cciii",True
,"Dorchester House,""plate ccccvii",True
,"Dorchester House,"" plate cciv",True
,"Westonbirt,"" plate lcccv",True
,"Dorchester House,""plate ceccic",True
,"Dorchester House,"" plate ccccvii",True
,"Paris,1873 Purchased from Brooks in 1876 Illustrated in ""The Holford Collection, Westonbirt,""",True
,"Dorchester House,""plate cxlii",True
,"Dorchester House,"" plate ccliv",True
,"Dorchester House,"" plate colvi",True
,"Dorchester House,""plate ccce",True
,"Dorchester House,"" plate cii",True
,"Dorchester House,"" plate cov",True
,"Westonbirt"" plate lccci",True
,"Dorchester House,""plate col",True
,"Westonbirt, plate cxcviii",True
,"Dorchester House"" plate co",True
,"Westonbirt,"" plate lcic",True
,"Westonbirt, plate lccii",True
,"Westonbirt,"" plate lecii",True
,"Dorchester House,"""" plate cli",True
,"Westonbirt, plate leccin",True
,"Dorchester House,plate coi",True
,"Westonbirt,"" plate lcciv",True
,"Dorchester House,"" plate coii",True
,"Westonbirt,"" platelccv See Illustration",True
,"Dorchester House,""plate coiii",True
,"Dorchester House,""plate cceci",True
,"Dorchester House""""plate cclvii",True
,"Dorchester House,"" plate cxlvii",True
,"Westonbirt, plate lcvii",True
,"Westonbirt,”",True
,"Dorchester House,"" plate cccciii",True
,"of Charles Heusch, Esq",True
,"Dorchester House,"" plate coccv",True
,"Dorchester House,"" plate clxiv",True
,"Westonbirt,"" plate cci",True
,"Westonbirt, plate lccvii",True
,ofLady Knowles,True
,"Dorchester House,"" plate clxii",True
,"Westonbirt, plate cciv",True
,"Westonbirt, plate cciii",True
,"Westonbirt,"" plate lcxcvii",True
,"Dorchester House,""plate cce",True
,"Dorchester House,""plate ccic",True
,"Dorchester House,""plate cacii",True
,"Westonbirt,"" plate lcccic",True
,"Westonbirt,"" platecc",True
,"Dorchester House,""plate covii",True
,"Dorchester House,"" plate cvi",True
,"Westonbirt, plate lccui",True
,"Dorchester House""plate cccviii",True
,"Westonbirt,"" platelcv",True
,"Westonbirt, plate cxviii",True
,|,True
,"A cream-coloured bottle,modelled with bands of formal lotos in relief-8 in",True
,"and a bottle, enamelled with golden pheasants and fowers-7 in",True
,"of Alfred de Rothschild,Esq",True
,1892,True
,"of Charles Butler, Esq",True
,di diciotto scene teatrali incise all'acqua,True
,"des sujets les plus interessans de la Mythologie, graves d'apres les dessins de Diepenbeck, eleve de Rubens",True
,Curie,True
,de 136 carreaux de,True
,de cent vingt-sept carreaux de pierres differentes antiques,True
,de cent et dix fragments d’anciens ver,True
,di diaspri sanguigni,True
,du Prince Bonaparte,True
,"DE TRENTE-QUATRE LAMPES(LUCERNE) ROMAINES ET CHRETIENNES fort interessante pour les formes, pour les emblemes et les inscriptions",True
,DE TRENTE-QUATRE IDOLES,True
,DE TRENTE IDOLES ETRUSQUES,True
,de treize armes anciennes,True
,DE VINGT ET UN VASES A ONGUENTS en verre irise,True
,dont plusieurs pieces conservent leurs rubans originaux,True
,F,True
,"in noce,con ricchi intagli a piante d'iris e lauri; vetrata a disegno",True
,March,True
,per ragguardevole che sia,True
,di n°,True
,del Conte Ferdinando Colonna di Stigliano,True
,Conte Lcone Bobrinsky),True
,del conte F,True
,Conte Leone Bobrinsky),True
,e ben conservato,True
,del secolo XIV,True
,del XV Secolo,True
,Lamponi dalla quale porta il timbro,True
,pregevole,True
,artistiques,True
,"di sigilli allegorici,in astuceio di madreperla e bronzo dorato",True
,del principe Borghese di Roma ed e descritto nel catalogo di quella raccolta al N,True
,del XVII,True
,poteva dirsi una raccolta di gioie,True
,Spitzer,True
,del Principe Gabrielli,True
,"di 9 bottiglie in cristallo antico di Boemia, forme e grandezze diverse",True
,fine XVI secolo,True
,di grande rarita ed importanza,True
,Smeriglio di Torino venduta nel 1886,True
,Ferroni,True
,"Sarti, 192",True
,"Sarti,n",True
,"Sarti, n",True
,da Museo,True
,in perfetto stato di conservazione,True
,du comte Jean Baptiste Costabili di Ferrara,True
,d''art une intuition exquise qui le guide a travers les infinies manifestations de la speculation,True
,"de belles choses a eté rassemblee par Mr Luigi Battistelli, avec une intelligence et un gout que ses amis de Milan ont ete a meme d'apprecier en frequentant sa Maison de Ventes, ses amis de Florence a sa maison de Borgo degli Albizi et dans sa belle villa sur la colline du Gelsomino",True
,"ont ete dispersees sous un coup sec de son marteau d'ivoire! Que de pages de l'histoire de l'Art se sont effeuillees ainsi! Et, par son entremise, que de choses belles ont passe embellir et orner des interieurs artistiques! Et il a garde ce qui lui a paru le plus beau et le plus significatif dans les manifestations d'art de tous les temps: les premieres tentatives incertaines et ingenues des mystiques vers une beaute nou- Lot de dessins a la sanguigne et au crayon, de bonnes écoles",True
,de petits canons de diverses epoques,True
,Stroganoff,True
,Jandolo,True
,Targioni,True
,Checcucci,True
,Prieto,True
,du duc de Varano,True
,DE PLAQUETTES ET D'APPLIQUES EN BRONZE,True
,DE MOULAGES DE MEDAILLES,True
,Giov,True
,du duc de Va,True
,"du duc de Varano, Ferrare",True
,du,True
,"Barbi-Cinti, Ferrare",True
,du marquis,True
,de Giov,True
,"du duc de Varano, Florence",True
,ARIGONI DE MILAN,True
,Addeo,True
,Gallegos,True
,Gallegos di Roma,True
,Checcucci a Firenze,True
,"Proprietario, che é un eminente Patrizio Bergamasco",True
,"di I1 fotografie della Villa Ghirlanda Silva di Cruisello, presso Monza",True
,completa di dipinti di Francesco,True
,di 33 fotografie riproducenti statue e busti classici Greci e Romani esistenti nei diversi musei,True
,"di 44 fotografie artistiche riproducenti chiese, monumenti",True
,"di 21 Incisioni su rame, riproducenti pitture di pale d'altari di celebri artisti italiani",True
,"di poesie e prose, Milano 15oo, in 8o",True
,di 14 fotografie artistiche riproducenti vedute e monu- menti delle principali citta d’Italia,True
,di 25 fotografie artistiche diverse,True
,"di bellezze femminile, 34 incisioni su rane dai dipinti del celebre artista",True
,Fusier,True
,"del Barone Heredia,in cornice nera a sbalzo,39x54",True
,"Passalacqua, splendida per forma e sagome Sec",True
,Woronzoff),True
,"originale, antico, raro",True
,"Sambalino, tela,firmata e dedicata ad A Provenzal in cornice dorata",True
,lavori bellissimi di argenteria fiorentina,True
,"DI OGGETTI DI SCAVO in bronzo, osso, terracotta, vetro e piombo; in tutto pezzi ventidue racchiusi in astuccio di pelle con fodera di seta verde",True
,del Cardinale Fesch,True
,DI MINIATURE GIAPPONESI su carta fnissima di riso,True
,di nove timbri-sigillo del secolo XV,True
,che rapdecorazione singolare e finepresenta una mente aristocratica,True
,di Roma sparita questo quadro sara apprezzato e conteso in cortese gara,True
,che e oggetto della presente vendita,True
,GIOVENE DE GIRASOLE,True
,Cristiano Banti),True
,dei marchesi Cambiaso di Genova (Vedi Illustrazione Tav,True
,dei Conti d'Essex nella loro,True
,del pittore Eugenio Buono di Napoli),True
,del pittore,True
,del,True
,Marvasi di Napoli,True
,Marvasi di Napoli ed illustrato nel libro 《Vita ed opere di Vincenzo Gemito 》 di Salvatore Di Giacomo a pag,True
,Marchese Caponazza di Napoli,True
,(un manico rotto e incollato),True
,del Cav,True
,di Mario Galli,True
,"e infine la lusinga di una breve dimora nella citta piena d'arte e di umbra dolcezza, mi fanno certo che avro la fortuna di vedere presenti, nei giorni della vendita, numerosissimi amici vecchi e nuovi",True
,in astuccio,True
,provenienti dalla vendita Gozzarini di Villanova,True
,artistico,True
,"venduta all'asta da certo Fassini, che egli, appunto ventisette anni or sono, non visito se non per caso",True
,Lurati sono questi,True
,di nove statuette in pietra antica scolpita di cui sette giapponesi e due piu grandi cinesi,True
,Misura: orologio m,True
,del marchese Crivelli),True
,ed in ottimo stato; m,True
,di arazzi: ad olio su tela; cm,True
,Stroga,True
,Conte Gregorio Stroganoff,True
,Forti,True
,Barone Rodolfo Kanzler,True
,Maglione),True
,del principe Pignatelli,True
,ed in Francia a Versailles,True
,dell'imperatrice Eugenia di Francia,True
,Tesorone),True
,Marvasi di Napoli ed illustrato nel libro -vita ed opere di Vincenzo Gemito - di Salvatore Di Giacomo a pag,True
,del Duca d'Orleans,True
,DI 111 MINIATURE SU RAME di pittori dei Sec,True
,"gia Messinges ora Fassini ed ivi attribuite a Van Bassern ma che il confronto di un quadro del Benedetti alla Pinacoteca di Modena,permette di assegnare con tutta sicurezza a questo pittore",True
,Fortuny,True
,Beckerath,True
,d''Arte del barone Alberto Fassini,True
,DI TRENTANOVE FRAMMENTI DI,True
,"Salvadori, Firenze",True
,Salvadori,True
,Volpi nel Palazzo Davanzati,True
,"Pedulli, Firenze",True
,Cigerza,True
,"Spitzer,vol IV,N",True
,di cinquantacinque mattonelle di maiolica Persiana e di Rodi,True
,Marchesa Ganney,True
,DI SEI SMALTI cinesi del Secolo XVIII racchiusi in piccola vetrina da tavolino con piedi dorati,True
,che oltre la marca di Sassonia ha quella in oro del decoratore,True
,DI SEI IDOLI in terracotta,True
,A,True
,"Amherst,Sangiorgi e A",True
,Hamilton e poi da quella del Visconte di Powerscourt,True
,Preece,True
,"de coquilles propres a orner les Cabinets des Curieux de cette partie de l'Histoire Naturelle, mises par ordre alphabetique, avec les notes des endroits d'ou elles se tirent, et des cabinets qui renferment les plus rares",True
,"La Faulotte, Stein, La Beraudiere, Hoffmann, Gavet, Muhlbacher, Odiot, Duclaux, etc",True
,"Doria, Bardini, Bryas, Chennevieres,baron Lepic, Guyot deVilleneuve, Ph",True
,"Spitzer, Paris, 1890",True
,de l'homme du monde et du curieux;avec une notice sur l'auteur par H,True
,de lord Northwick,True
,"of his grace the Duke of Devonshire, executed by Richard Earlom,in the manner and Taste of the originals",True
,Roxard de la Salle et a ete grave par G,True
,formee par M,True
,"de province, elle etait bien connue a Paris",True
,creee avec tant de gout par un amateur passionne,True
,"interessante de plus de cinq cents dessins, charges a la plume avec legendes eerites de la main de ce ca",True
,Bertaux,True
,Leopold Double,True
,of George 4h 1831,True
,du Duc de Hamilton (Hamilton Palace,True
,de lord Pembrocke,True
,Paravey (février 1879),True
,Paravey,True
,S,True
,Galitzin(1875),True
,Galitzin,True
,Mahou,True
,du vicomte de Saint-Seine,True
,du vicomte de SaintPierre (janvier 1872),True
,Edouard Fould,True
,Decloux,True
,de San Donato (187o),True
,du duc de Morny et Max Kann,True
,Edouard Fould(1869),True
,de San Donato(187o),True
,de San Donato,True
,du vicomte Clerc (1872),True
,"du Comte Armand Doria, que Corot,avec son eil fin,plein de spirituelle bonhomie,etait, en meme temps qu'un magnifique ecouteur de choses,un grand liseur d'ames",True
,"d'environ 32o pieces:bossettes,mors de cheval, appliques, etc",True
,"du Moniteur Universel; Description de 1Egypte; la France, par Cassini ; Classiques francais; Euvres de Napoléon Ill, Lord Byron, Histoire de Madame de Maintenon; Beranger, litterature, etc",True
,quon va disperser le prouvera mieux quaucune preface,True
,"Emile Lombard,1863",True
,du roi Louis-Philippe,True
,de fermoirs et coins argent coule et cisele des xvlle et xvile siecles,True
,"de huit pommeaux de rapieres et d'épees, en fer cisele, grave, dore et ajoure des xvile et xvilre siecles",True
,Knowles,True
,Pitcairn-Knowles,True
,considerable de diverses curiosites en tous genres contenues dans les cabinets de feu M,True
,"de tableaux, gouaches, etc",True
,de tableaux des,True
,Pouyer-Quertier,True
,"ce sont des femmes,cesont des meres telles que sont les femmes qui sourient pres d'eux, les meres qui sont assisesa leur foyer; regardez Jesus et la Samaritaine,ce curieux groupe d'albatre: il ya la un homme dont la divinite ne se devine pas encore, ou du moins ne doit pas se trahir encore,et une jeune fille elegante, ingenue,mais ingenue avec une pointe de coquetterie,comme il convient, de par lopposition naturelle des sexes;regardez dansles ivoires,dans les os sculptes,les scenes du drame chretien; c'est la vie encore, la vie contemporaine empruntant seulement au dogme quelque signe pour se particulariser, mais demeurant telle que ces scenes sortent de I'histoire pour etre vraiment des heures d'eternite!",True
,"si riche en documentsprecieux, elle re porte pes a des idees frivoles,comme le ferait une collection des galants amuseurs du xvin· siecle;mais elle a a mon sens une portee plus haute: elle nous prcuve,qu'a l'eoque ogivale,et meme a lepoque romane, louvrier",True
,"des galants amuseurs du xvin· siecle;mais elle a a mon sens une portee plus haute: elle nous prcuve,qu'a l'eoque ogivale,et meme a lepoque romane, louvrier",True
,TiMBAL et MIcHELLI,True
,de medailles et les fit monter en collier,True
,Double),True
,de vingt masques de No,True
,"Pacully,le portrait du grand",True
,"'il avait mis quarante annees a former,piece a piece,au hasard de recherches fructueuseset detrouvailles capables de lui susciter des jaloux",True
,"le vieux maitre dAuteuil,les ceuvres patiemment accumulees,unies en une fraternelle compagnie,vont se separer anouveau;gardant,avec le dechirement de cette separation,le souvenir des heures heureuses et des heures funebres vecues ensemble dans le discret hotel de Coi gny, elles vont ajouter ces souvenirs recents aux souvenirs anciens, et, apres cette halte hospitaliere et douce,eparpiller melancoliquement les mysteres de leur passe vers les mysteres de leur avenir",True
,"interessante de soixante flacons a betel et a tabac en jade, sardoine, agate, cristal de roche, ambre, verre,porcelaine, émail cloisonne, gres et biscuit, avec bouchons en pierreries sertis d'or et d'argent",True
,Schiff),True
,Schevitch,True
,"renferme une serie fort respectable de six chasses de differents modeles et de differentes dimensions, dont la fabrication date de la fin du xl siecle et du courant du xne siecle",True
,des bijoux,True
,"Schevitch, est veritablement importante, qu'on ne s'est point contente d'y reunir un certain nombre de monuments de premier ordre et tout a fait caracteristiques,mais qu'encore,autour de ces monuments, on a voulu grouper des pieces destinees a faire connaitre la serie des procedes employes par les emailleurs limousins et les differents genres qu'ils ont cultives depuis la fin du xve siecle jusqu'a la fin du xvie siecle",True
,"Dzyalinsky et provient de Rome, lequel est decore a linterieur de nielles executes en or et exterieurement de verroteries cloisonnees",True
,Schlosser,True
,"de couteaux, fourchettes,cuil",True
,de serrures de diverses epoques,True
,d'environ quarante-huit cles de diverses époques,True
,"de verrous, d'entrees de serrures, de pentures et de poignees, de diverses époques",True
,COMPLETE DES MEMOIRES RELATIFS,True
,"de gravures d'apres Turner, Stanfield, Arnold, Fielding, etc",True
,des Memoires relatifs a la Revolution d'Angleterre,True
,des por,True
,particuliere de Thaulow nous revele une des plus touchantes qualites de son cour,True
,particuliere,True
,DE QUARANTE-TROIS RAPES A TABAc en ivoire ou en os sculpte,True
,Emile Zola,True
,"Lecarpentier,1866",True
,"de poteries en terre vernissee, vases, coupes, etc",True
,"de petits jouets en terre vernissee dont plusieurs sifflets en forme d'animaux, de tetes humaines,etc",True
,de fragments de faience orientale,True
,"de verrerie,de provenances diverses :Rome, Chypre, France,Venise et Boheme",True
,"d'amulettes composees de dents, griffes, ou os d'animaux ou de poissons montes en argent",True
,"d'amulettes en pierres dures diverses,montees en argent",True
,"de cuilleres en bronze, cuivre, argent, dont deux formees de coquilles montees en argent dore",True
,"de jouets figurant des chandeliers et portecierges de formes et de modeles varies, en bronze et en cuivre",True
,"de jouets en cuivre, bronze, etain, plomb, etc",True
,de clefs d'epoques variees en bronze,True
,d'éperons de formes et d'epoques diverses,True
,detriers dont un de forme triangulaire du xesiecle,True
,de dagues de formes variees,True
,de gravures,True
,de Cartes de visites du xvinre siecle et du commencement du xixe,True
,de Gravures de mode,True
,"il y a Chauchard, Sauvageot, Goncourt,il y avait aussi Dolent ! Quel criterium? son gout ! Il dit d'un tableau de Jeanniot : ( Je ne sais pas pourquoi c'est si bien, mais que c'est bien !  (phrase qui est peut-etre le type de la bonne phrase de critique d'art)",True
,"regorge de ces choses curieuses qui sont non seulement belles, mais importantes pour lart, parce qu'elles denotent bien un moment de l'histoire de l'art, un etat de lame du peintre ; aussi son gout lui a fait souvent decrocher dans latelier la pochade admirable, la minute heureuse, eut dit",True
,"de quarante-quatre petits vases, flacons, tabatieres, etc",True
,"DE VINGT ET UN NoYAUx de dimensions variees, sculptes sur les deux faces de bustes de personnages avec inscriptions, et de sujets divers mythologiques et religieux",True
,"d'objets d'art et de ableaux : Chappey,Lelong, Schevitch,Muhlbacher, Sedelmayer, Moreau, Nelaton, Desmottes, Rougier,Leroux, Castellani, Tollin, Selliere,comte de La Beraudiere,Odiot, Ch",True
,"du prince imperial, 36 vol",True
,Saulini,True
,Warneck,True
,"DE CLocHETTEs,rondes et carrees, dont quelques-unes avec",True
,"DE DEs A JoUER, en ivoire et en os, plusieurs avec de belles patines vertes",True
,"DE PIoNs DE JEu en pates multicolores et de formes diverses, les uns coniques, les autres hemispheriques et un peu aplatis",True
,Nervegna,True
,"de 68medailles ayant trait a des fetes publiques et au Carnaval, dont 5 en argent, 35 en bronze et 28 en plomb",True
,"celebres, en Amerique:Paysanne filant, collection Walter Richmond; Temps des moissons, collection Kirk Patrick; Cueillette des pavots, collection J",True
,"Walter Richmond; Temps des moissons, collection Kirk Patrick; Cueillette des pavots, collection J",True
,"Kirk Patrick; Cueillette des pavots, collection J",True
,D,True
,"Tanenbaum; le Nettoyeur(pastel), collection de Mm Dickey;Meditation, collection M",True
,"de Mm Dickey;Meditation, collection M",True
,M,True
,T,True
,H,True
,"Geo Whitney; le Nid doiseau, le Retour des champs,Communiants, collection M",True
,"Geo Seney;le Depart pour les champs, collection Thorne;le Temps des cerises, collection Geo Seney",True
,"Thorne;le Temps des cerises, collection Geo Seney",True
,Geo Seney,True
,fut dispersee a la suite d'une vente connue sous le nom de (vente des Chartreux de Lyon,True
,"de Paris, notamment : Sir W",True
,Rodolphe Kann,True
,"de figurines de Christ,de croix,et depetites statuettes de saints personnages en bronze,en cuivre et en argent",True
,"de claveaux, de fenetres,et de voutes a decor de rocailles variees",True
,de Mm la Marquise Landolto Car,True
,"de lErmitage;une autre, en terre cuite, au musee municipal de Versailles;une autre,enfin, en platre,figure au musee du Louvre, avec le cachet de l'atelier de Houdon",True
,"du musee du Louvre,une repetition de ce medaillon en bronze et non signee",True
,"de Mme Edouard Andre et enfin celle-ci, acquise ilya dix ans par M",True
,"de figurines de Christ, de croix et de petites statuettes de saints personnages en bronze, en cuivre et en argent",True
,"d'ustensiles de cuisine divers, tels que: fourchettes a longs manches, écumoires, louches, pelles, etc",True
,"de couteaux, fourchettes et cuillers en cuivre,en bronze et en étain",True
,"de mortiers en bronze et en cuivre a decors varies, et de diverses epoques",True
,de chandeliers et porte-cierge en cuivre et en dinanderie,True
,de robinets en bronze,True
,"de landiers et de chenets en fonte de fer, a motifs gothiques, personnages, etc",True
,"de heurtoirs, plaques de serrure, appliques de porte, etc",True
,de nombreux clous et d'appliques,True
,"de verres antiques, provenant de I'Asie Mineure, de formes et de modeles varies",True
,de verrerie de Boheme et de,True
,Lefrancois,True
,Ploquin,True
,"Trilha,18 decembre 1876",True
,"；a droite,la signature a la plume:F",True
,de vingt volumes,True
,"d'environ 3800 planches de costumes de Paris, de 1828 a 1862",True
,"Baranowski et Stummer,a Vienne:Portrait en pied d'un jeune savant",True
,privees d'Anvers,True
,Antony Roux,True
,"Bonnat,aujourdhui,au Louvre;il difre sensiblement des deux premiers : l'execution en est plus lourde et il parait avoir ete execute a une epoque posterieure",True
,"de figures theatrales, inventees et gravees par Martin,cy-devant dessinateur des habillements de l'Opera",True
,Bach),True
,"de l'Ermitage; une autre, en terre cuite, au musee municipal de Versailles; une autre, enfin, en platre, figure au musee du Louvre, avec le cachet de l'atelier de Houdon",True
,"de petits bronzes dores et patines: statuettes,cariatides,mascarons,appliques,etc",True
,de l'Europe,True
,"mais il conseillait plusieurs d'entre eux,tels que le baron de Beurnonville et Rodolphe Kann",True
,"DE TREIZE PETITS BOUDDHAS et un enfant magot en porcelaine et biscuit emailles en blanc, en couleurs, en jaune, en bleu turquoise, en aubergine et en vert",True
,Fouquet,True
,"Pozzi,n°498",True
,Pozzi,True
,"Alfred Andre,avril 1920",True
,"Jeuniette,mars 1919",True
,du baron de Beurnonville (vente en 1881) et de Laurent Richard (vente en 1886),True
,"von RenaissanceKunstwerken im KaiserFriedrichMuseum, gestiftet v",True
,of pictures of the Umbrian school,True
,of Mediaeval and Renaissance Paintings,True
,von Nachbildungen seiner vorziglichsten Holzschnitte und Stiche,True
,des Kaiserhauses,True
,Savigny,True
,nach der Neuordnung 192426,True
,Hertz e gli Affreschi di Giulio Romano nel Palazzo Zuccari a cura di J,True
,des Allerhochsten Kaiserhauses,True
,principally of XVth and XVIth cens tury,True
,von BachofenBurckhardt,True
,Bardini in Florenz,True
,des Herrn A,True
,of Mr,True
,"of George and Florence Blumenthal, New York, compiled by Stella RubinsteinBloch",True
,of the estate of the late Judge E,True
,Gualino,True
,Gualino esposte nella Pinakoteka di Torino,True
,Oscar Hainauer,True
,Hesseltine de Londres (Versteigerungskatalog),True
,Carl v,True
,Oscar Huldschinsky,True
,Oscar Huldschinsky (Versteigerungskatalog Cassirer,True
,of J,True
,Marcus Kappel in,True
,v,True
,R,True
,"Martin Le Roy, Teil IV",True
,Paul Mallon decrite par G,True
,Alfred Walcher Ritter von Molthein in Wien,True
,Del Monte par G,True
,of drawings by the old,True
,Semenow et les autres collections publiques et privees de St,True
,publiques et privees de St,True
,Semenow a St,True
,du comte G,True
,de tableaux,True
,aus dem Besitz der furstl,True
,of pottery belonging to W,True
,Bd,True
,fran#,True
,Hofstede de Groot,True
,privées de la Suede,True
,u,True
,"betreffend) von Berliner Kunstfirmen (Lepke,Henrici, Hollstein &amp; Puppel u",True
,betreffend) der Firmen CassirerHelbing aus den Jahren 1924 bis 1929,True
,"betreffend) von Frankfurter, Kolner u",True
,betreffend) von Wiener u,True
,"betreffend) von Muller in Amsterdam, fast durchweg aus den letzten zehn Jahren",True
,betreffend) von englischen u,True
,befinden durfte,True
,"von grossen und kleinen Schlisseln aller Zeiten, Bronze und Eisen, 31 Stick",True
,ist am 8,True
,Prinz Cariati,True
,Principe Cimitile,True
,Montebello,True
,Villestreux,True
,Delange,True
,"of pictures,works of Art ete",True
,archeologique du Prince Pierre Soltykoff,True
,"von Landhausern, Villen etc",True
,etc,True
,Morbio,True
,Lerchenfeld,True
,Gedon,True
,zu Augsburg,True
,von Medaillenabgissen,True
,Disch,True
,"von 721 Abdricken geschnittener Steine der Griechen,Romer,Aegypter, auch einiger Bildwerke des christlichen Alterthums, sowie aus der Blithezeit der neueren Kunst (von Albrecht Durer, Benvenuto Cellini etc",True
,"von 37 Stocken, dabei Rathsherren-Stocke",True
,Taf,True
,Prinz Carl,True
,Soyter in Augsburg,True
,"Meyrick,Taf",True
,Soyter,True
,Seutter in Augsburg,True
,Rolas du Rosey,True
,Diseh,True
,"von 150 romischen Gross-, Mittel-und Klein-Bronzen der verschiedensten Erhaltung",True
,von 150 dergl,True
,von 78 dergl,True
,"von 430 der verschiedensten, meist deutschen,Kupfer-und Scheide-Munzen",True
,von 50 dergl,True
,"von 50 verschiedenen religiosen Medaillen, Gnadenpfennigen etc",True
,"von 85 Spiel-Pfennigen und Jetons, 85 Stick, 2l meist neuere Marken, Brickenzeichen etc",True
,befindl,True
,Gedon in Munchen,True
,"von Hirsch- und Rehgeweihen, dabei sehr viele",True
,von silbernen und goldenen Puppengeraten und sonstigen Miniatur-Darstellungen,True
,"von neun verschiedenen Berloques in Perlmutter mit Goldfassung, ausserst zierlich ausgefuhrt: 1",True
,von 81 Mustern von Borten und Litzen in der verschiedensten Ausfuhrung,True
,auf drei Cartons gezogen,True
,der hochfirstlich Wirzburgischen Landesverordnungen,True
,der hochfirstl,True
,der hochfurstlich wirzburgischen Landes-Verordnungen,True
,von 70 modernen Messingknopfen,True
,von 77 Original-Wachssiegeln von Stadten,True
,"darunter von Muinchen (40), Augsburg (2), Botzen (3), Danzig, Dilingen （Universitat),Hall,Ingolstadt (7), Innsbruck,Isny,Kitzingen, Neuburg,Peisching,Regensburg (3), Sterzing (2),Ulm,Unna,Villingen ete",True
,"von 80 Original-Wachssiegeln von Klostern, Bischofen, Probsten etc",True
,"von uiber 420 theils sehr fruhen Original-Wachssiegeln in Wachshullen von Grafen,Freiherren,Adeligen,Burgerlichen, Schoffen etc",True
,von meist guter Erhaltung,True
,"von uber 1000 Original-Wachssiegeln in Holzkapseln von Grafen,Freiherren,Adeligen,Birgerlichen, Schoffen etc",True
,von durchweg guter Erhaltung der einzelnen Sticke,True
,"von iber 6000 Lacksiegeln von Klostern, Stadten, Corporationen ete",True
,"von uber 1700 Lacksiegeln, geordnet und in 32 Mappen eingeklebt,enthaltend:Fursten (256), Grafen (425),Freiherren (460), Adelige (376),Universitaten,Bisthumer, Abteien ete",True
,"von 1222 rothen und schwarzen Lacksiegeln, geordnet und aufgezogen",True
,"von 1014 Lacksiegeln, geordnet, aufgezogen,nummerirt und",True
,"von 525 Lacksiegeln, geordnet, aufgezogen und mit Namensbeischriften",True
,"von 422 Lacksiegeln, geordnet und mit Namensbeischriften",True
,von 162 grosseren und kleineren russischen Medaillen in chronologischer Ordnung in scharf ausgefihrten Avers- und Reversdarstellungen,True
,von Reformatorenmedaillen in Gipsabdrucken,True
,von 140 Schwefelabgussen von romischen Minzen,True
,von 360 Pasten in Elfenbein- und Thonmasse von Siegeln deutscherund,True
,"von 268 Kupfermunzen,romische Muinzen,Jeton's etc",True
,von 50 religiosen Medaillen etc,True
,von 18 Spazierstocken， deren Kopfe zum Theil reich,True
,"von 36 Spazierstocken, dabei Alpenstocke, Ochsenziemer etc",True
,von 19 verschiedenen Kuchenformen mit interessanten Sehr interessante Sammlung,True
,"von nahezu 1000 Waffen und Gerathen aus der Steinzeit, dabei viele Beile, Hammer, Pfeilspitzen, Meissel ete",True
,meistens Funde aus und an dem Bodensee,True
,mod,True
,"von reichverzierten Halsen,darunter 8 verschiedene Bartmanner",True
,yon Formen-Matrizen,True
,von,True
,von Patrizen,True
,Rehgeweihe,True
,namentlich fir Maler von Bedeutung,True
,gerahmter Stiche,True
,von Amuletten und Talismanen,True
,von 41 verschiedenen Bronze-Medaillen mit reli,True
,von 233 verschiedenen Medaillen auf Kaiser,True
,"Spiele aller Art, als: dreihundertjahrige Kartenspieltafel, beiderseitig bemalt, desgl",True
,"von mehreren hundert Stuck Ausgrabungen aller Art, als: Griechische, etruskische und romische Antiquitaten: Thonfiguren, Bronzen etc",True
,"Thiere und Figuren, an einer Krippe,in Holz geschnitzt und bemalt",True
,"Kuchen- und Hausgerathe, als: Feuerzeuge, Feuerbocke, Feuerzangen, Bratroste etc",True
,von mehreren hundert Stick,True
,Buchner vorkommende Zeichen,True
,auf welche er mit der Rechten hinweist,True
,"von 50 Erinnerungsmedaillen, Ehrenzeichen etc",True
,in schwarz bemaltem,True
,Kupferstiche,True
,verschiedener Schriftarten,True
,kleiner Stahlstiche,True
,"von 17 Stick antiken Bleimunzen, Tesserae theatrales etc",True
,von 10 diversen antiken Stucken,True
,fir Maler von hohem Werthe,True
,von mehreren 100 Stuick Stoffen und Stoffresten,True
,"kleiner 0elbilder mit Ueberschrift (lateinisch, das Vaterunser)",True
,"von Radschlossern und Schlusseln, ca 7l Stick",True
,von Medaillenabgussen v,True
,von Bleiabguissen 20 St,True
,von Broncemedaillen 20 St,True
,des Firsten Camill Rohan zugehorig,True
,Toman in Prag angehorende Bild war fruher in dem Besitze des Barons Pasqualati in Wien,True
,des Grafen Bruhl,True
,Gipsabdrucke,True
,fur christl,True
,der seltensten Radirungen von Meister aller Schulen 1-4 Lfz·,True
,von 50Kupfern aus Taschenalmanache,True
,"das Mittelfeld mit mythologischer, figurenreicher Darstellung",True
,von Stahlstichen,True
,der vorzigl,True
,Graf Oxenstjerna,True
,Oxenstjerna,True
,der Konigin Desideria,True
,"von 169 verschiedenen Schlusseln, darunter frankische, gothische ctc",True
,"von 223 zumeist gothischen Schluisseln, die Griffe reich durchbrochen ornamentirt mit Maasswerk,Kleeblatt, Vierpass etc",True
,Galimberti,True
,Brogren,True
,Graf v,True
,Grubbe No,True
,Prof,True
,Baron L,True
,zugeeignet wurde,True
,Grubbe 67,True
,der Konigin Desideria No,True
,Bystrom,True
,"Galimberti, sodann Karl's XV",True
,Karl's XIV,True
,Karl’'s XIV,True
,"Martelli in Rom,die Gustaf IIl",True
,"von 127 Stuck schwedischen Miederschliessen, Schnallen, Kreuzen,Knopfen, Appliquen, Ringen etc",True
,von 70 verschiedenen Sehlisseln; die Griffe zumeist durchbrochen ornamentirt in gothischem Masswerk,True
,"und Namensinschriften, sowie Kartuschenschild mit Spruch, Jahreszahl 1709 und den Brustbildern des hl",True
,"von neunundsechzig diversen Petschaften und Breloques verschiedenster Art und Form, geschnitten in Halbedelstein,Carneol, Achat, Cristal de roche u",True
,im Ganzen gestattet,True
,Kranner,True
,Ditmer,True
,Koch,True
,Geheimrath Maller,True
,von 8 Portratbildern aus dem 16,True
,"von zwanzig Portrats,gelehrte Manner in Buntdruck darstellend",True
,der von Clemens August erbauten Schlosser:I,True
,schoner Kupfer-Reliefs mit mythologischen Darstellungen,True
,von ca,True
,von Halbedelsteinen,True
,von mehreren 1000 Lacksiegel,True
,kommen partieweise zum Verkauf,True
,von 17 gestickten und posamentirten Fransen und Borten,True
,von 235 reich dessinirten Spitzenmustern,True
,"von 17 kleinern und grossern Stucken Silberlitze, Borten etc",True
,"von siebzehn Siegburger Topferformen aus den Jahren 1550-1580 mit Friesdarstellungen, Medaillons und grosseren scenischen Darstellungen, wovon zwei in Sandstein gehauen, die",True
,darstellend,True
,Grubbe,True
,der Konigin Desideria (Bernadotte),True
,Baron Bennet,True
,Oberst Blom No,True
,Wallgren,True
,Wohlfahrt in Goteborg,True
,Netzel,True
,Bildhauer Prof,True
,Grubbe 79,True
,des Bischofs Fahlcrantz,True
,Graf de Geer und Sammlung Rossi No,True
,Rossi No,True
,des Baron de Geer,True
,Konigin Desideria,True
,Magnus Brahe,True
,Bystrom No,True
,Bischof Fahlcrantz No,True
,Grubbe 62,True
,Bischof Fahlcrantz,True
,der Konigin Josefine,True
,des russischen Gesandten Daschkoff,True
,"Wohlfahrt, Jiterborg",True
,Hjarta,True
,Oberst Blom,True
,des Generals Lowenhjelm,True
,Cederlund No,True
,des Prof,True
,Westin,True
,Galimberti (Karl XV,True
,Galimberti Nurnberg (Karl XV,True
,Wohlfahrt,True
,von Pein-Berlin,True
,Neven,True
,Kalle,True
,Delamotte-Fouquet,True
,Borner und Pricken,True
,Boydell,True
,Brentano-Birckenstock,True
,W,True
,Liphart,True
,Pricken,True
,Hebich,True
,Boehm,True
,Arozarena und H,True
,Konig Ferdinand von Portugal,True
,von Liphart,True
,"Camberlyn,Wolterbeck und Kalle",True
,Herzog Wilhelin von Braunschweig,True
,"von vierundzwanzig Tabakspfeifen und Pfeifenkopfen,in Holz und Meerschaum; viele reich geschnitzt mit Figuren; zum Teil in Silberfassung",True
,Gsell,True
,Ettl in Innsbruck,True
,Sasella,True
,"von 62 Werken (romische Classiker,italien",True
,"von Walburgis-Oelbuchschen,von Silber und Metall (ein",True
,"von Altaren, Kanzeln u",True
,von 28 Portrats in Schwarzkunst gest,True
,von 8o Kupferstichen aus der hl,True
,von mittelalt,True
,passend,True
,Fraulein von Fulde,True
,Riedinger,True
,Friedrich,True
,bestehend aus 101 Tafeln mit ca,True
,Felix,True
,Buchner,True
,Murschel,True
,Mme,True
,Liebermann,True
,"von Perlschalen, 3 grosse und 359 kleine",True
,"Magniac, London",True
,Mme D'Yvon,True
,von 23 diversen Ringen mit Cameen und Gemmen,True
,"Friedrich,Dresden)",True
,des Fraulein von Waldenburg,True
,Sampayo,True
,Du Sartel,True
,Mme d''Yvon,True
,unter No,True
,"von sieben Miniaturen, wovon zwei in Oel ausgefihrt",True
,Hammer,True
,"Spitzer,komplett,Antiquitaten und Waffen,Mme d'Yvon 一 Liebermann,Gemalde und Antiquitaten,alter Munzkatalog,Dresden,1834,und diverse andere Bicher",True
,des deutschen Episcopats in Wurzburg 1848,True
,"von Lessing, ll",True
,der schonsten Marchen und Sagen aus den deutschen Gauen,True
,farbiger Musterblatter,True
,"grosstentheils mit den Kupfern, aber zuweilen unvollstandig",True
,von Bildnissen beruhmter Manner,True
,"von Seidels,in welcher hundert grosstentheils in der Mark Brandenburg geb",True
,von Schriften und Predigten Luthers und Ph,True
,"of Antique,Vases,Altars,Parterae,Tripods,Can delabra, Sarcophagi etc",True
,ungefahr 5-6ooo Stuick,True
,von Heiligenbildern moderner beruhmter Meister,True
,alter Schlissel,True
,von Assignaten,True
,"von Gipsabdricken antiker Gemmen aus der historischen Sammlung des Museums zu Berlin, sogen",True
,"des Museums zu Berlin, sogen",True
,"Charles Damian Disch, Pracht-Ausgabe (franzosisch) nebst Verzeichniss der erzielten Preise",True
,Spitzer stammend,True
,Riedinger herstammend,True
,sehr schoner und interessanter Gipsabdrucke,True
,schon in,True
,"romischer Fibeln, Nadeln, Perlen, Fragmenten etc",True
,"des Herzogs von Hamilton,England",True
,befind lichen Meissener Modell (No,True
,"bestehend aus einundsiebenzig Tafeln mit 91 Mustern, von verschiedener Technik, aus dem XV",True
,"verschiedener Seidenquasten,zum Teil mit Silber- und Goldfaden umsponnen",True
,welche sehr schone und zum Teile ausserst seltene Dessins enthalt,True
,"bestehend aus einundsiebenzig Tafeln mit g1 Mustern, von verschiedener Technik,aus dem XV",True
,diverser Zeichnungen auf Cartons,True
,"des pierres gravees, statues, medailles et peintures dess",True
,"der wichtigsten, seit dem westphal",True
,"(34 Sticke) altagyptischer Idole, Scarabaen etc",True
,weiland Herrn v,True
,ibertroffen werden; sie vertritt 2 byzantinische Kaiser: Justin I,True
,neuerer Gedichte,True
,"diverser Siegel, bestehend aus dreiundzwanzig Stuick Stadte- und Geschlechtswappen, teilweise in Kapseln",True
,"von Gebeten, deutsches Manuscript",True
,"von Stichen, darunter Holzschnitte, Lithographien, Radierungen etc",True
,angezogen werden,True
,wobei viele werthvolle Blatter,True
,"von 44 Gemmen und 5 Cameen,L",True
,"von 34 Gemmen und 15 Cameen, L",True
,Schmetterlingen u,True
,der Konigin Christina von Schweden,True
,"antifer Boldfunde, beftehend aus 2o Bticden",True
,"von Edicten, Patenten,Verordnungen etc",True
,"von 17 Figuren aus Papiermache, polychrom, darstellend Typen von Fussvolk, Reiterei und Artillerie des XVil",True
,mit vielen interessanten,True
,"beruhmter Dichter, darunter: E",True
,von Wappenknopfen,True
,ist noch zum grossen Theil die alte Hennebergische Ruist,True
,links schwarzer Hund in gelbem Feld (spater eingesetzt）,True
,"von 19 Sporen, vom 14",True
,von 26 Gewehrschlossern des 15,True
,"prahistorischer Funde,Steinbeile undGerathe,Bronzekelte,Fibeln,Spangen",True
,"von 21 Gemmen in Achat, Carneol, Jaspis etc",True
,"alter PfeifenKopfe und Pfeifen,dabei sehr schone Exemplare,geschnitzt,in Porzellan (gemalt), Hirschhorn etc",True
,"alter Siegel aus rothem Wachs, theils in Abdrucken, theils in Originalen und in Holzfassung",True
,"Kupferifiche,Photographien,Lrithographien,interefiante Zeichnungen etc",True
,"exotischer Schmetterlinge von ausgesuchten, schonen",True
,Hogarth'scher Kupferstiche,True
,"Storf,Augsburg",True
,"des Hauptmanns Friedrich Geizer,Ulm",True
,"van Haanen, Maria-Enzersdorf bei Wien",True
,in grossem Schaubeck-Album,True
,in Larisch Album,True
,"in grossem Folioband, enthaltend 1000 Ganzsachen und Ausschnitte",True
,"Speise-, Tisch-, Garten-Gerate und Werkzeuge",True
,dem Spiele eines Quartetts lauschend,True
,von 162 Blatt Cabinetphotographien: Portraits und Ansichten,True
,des Herrn Dr,True
,Musica sacra u,True
,von Berliner Porzellan-Ostereiern,True
,von alten preussischen Helmen und vorzugsweise altpreussischen Grenadiermitzen aus der Zeit Friedrichs des Grossen etc,True
,"seines Vaters und iber die Thatsache, dass dessen Echtheit sowohl von letzterem als auch von Gust",True
,kostbarer Antiquitaten,True
,alt-ober- und niederdeutscher Gemalde der BruderBoisseree und Bertram,True
,in vorzug,True
,SchuBlerNurnberg,True
,von 20 Stuck Fliesen,True
,von 95 einzelnen Stammbuchblattern,True
,"des Bankiers Sir Thomas Baring, welche 1848 in London verauktioniert wurde",True
,von 37 Olminiaturen,True
,Kabinettsschreiben Friedrich Wilhelms I,True
,von 12 Kabinettschreiben (L,True
,"von Aktenstucken, koniglichen Verordnungen etc",True
,"von Drucksachen,Plakaten,Zeitungen etc",True
,Fellner-Wien in Kupferstichen,True
,Brandenburgisch-Preussischer Munzen und Medaillen,True
,"Felix, Hoech etc",True
,in Ungarn,True
,ca,True
,von Probedricken der verschiedenen graphischen und technischen Reproduktionsarten,True
,der Munchner Kinstlergenossenschaft,True
,in Copenhagen,True
,von Kupferstich- und Handzeichnungs,True
,Kuppelmayr,True
,von Kupferstichen groBtenteils nach berihmten italienischen Malern des XV,True
,du Roi de Prusse a Sanssouci,True
,"de Baron de Stosch, accompagne",True
,von Fuchsjagern,True
,des Herrn sehr interessant und,True
,des Herzogs von Bedford,True
,"von etwa 15 ausgegrabenen und ausgebaggerten Streitaxten, Beilen usw",True
,"von etwa 15-20 augegrabenen und ausgebaggerten Streitaxten, Beilen usw",True
,von Hefner-Alteneck,True
,von Hefner Alteneck,True
,von Hefner--Alteneck,True
,A—Z,True
,von Hefner-Alteneek,True
,"beschrieben, die im wesentlichen aus hollandischen Werken der ersten Halfte des XIx",True
,Tewald,True
,Ritleng comme une piece unique dont la similaire ne se retrouve dans aucun musee ni dans aucune collection particuliere,True
,"de soldats en etain et de scenes champetres, de la fin du xVlle siecle et du commencement du Xixe siecle",True
,"alter Zinnsoldaten,Bauerntanzer etc",True
,"de soldats en etain, de la seconde moitie du XVile siecle jusqu'en 1820",True
,alter Zinnsoldatenvon ca,True
,"de soldats de lEmpire et de chevaliers du moyen age, de 1810 a 1825",True
,alter Zinnsoldaten und Ritterfiguren von ca,True
,de soldats etc,True
,"de 15 boutons militaires et autres, du XVIlle siecle",True
,alter Zinnsoldaten u,True
,verzierter Zinnknopfe des XVIlI,True
,de plombs histories trouves dans la Seine,True
,"de plaquettes en bronze, de Philippe Grass, ne en 1801 a Wolxheim, mort en 1876 a Strasbourg",True
,von Portraitplaquetten des Strassburger Minsterbildhauers Philipp Grass,True
,"de sept poids, de differentes grandeurs, tous richement graves et portant les armes de Nuremberg, Augsbourg, etc",True
,von sieben gravierten Bronzegewichten in verschiedenen Grossenabstufungen und mit verschiedenen Beschaumarken,True
,"d'objets d'eglise: Reliquaire Renaissance, deux navettes Louis XV et un ostensoir orne",True
,elsassischer Kirchengerate des XVI,True
,"de huit couvercles de bassinoires, Louis XIV et Louis XV,en cuivre jaune, avec tetes",True
,von acht Warmpfannendeckeln iu Gelbkupfer,True
,"von vier Ofentiren in getriebenem und graviertem Messing,Louis XIV",True
,"de 4 portieres de poele, en cuivre jaune repousse et grave,Louis XIv, Louis XV et",True
,"de dix paires de mouchettes Renaissance, Louis XV,Louis XVI,Empire et 183O,en bronze et en acier,dont l'une richement incrustee en cuivre",True
,"semblable, se composant de 13 pieces des memes epoques",True
,von 13 Sticken aus denselben Epochen,True
,"de sept cuillers, dont quatre en argent, trois en bronze",True
,von7 Loffeln des XVI1,True
,"de huit cleis,Renaissance et posterieures",True
,de 17 clefs et fragments de clefs du XVle au XIxe siecle,True
,"de quatre verroux de maitrise, des XVIe, xVIle et XVIlle siecles",True
,"vier eisernen Sicherheitsschlossern,alle von verschiedenartigerForm wndmit verschiedenartigen Mechanismen",True
,"de six etuis a couverts, en cuir dore aux fers",True
,"de reliures artistiques, en cuir dore aux fers, avec une serie de fers de reliures du Serie von goldgepressten Ledereinbanden des XVIIl",True
,"de huit bonnets alsaciens, brodes d'argent et d'argent dore, incrustes de pierres",True
,von 8 reich mit Silber gestickten Elsasser-Hauben aus der ersten Halfte des XIX,True
,"de six boucles Louis XVI,en argent, étain et acier",True
,6 Louis XVI,True
,"de cinq eventails Empire, ornes de broderies a paillettes",True
,"de quatre pendentifs du XVllle siecle, argent et strass",True
,von 6 Goldringen des XVIII,True
,"de 6 bagues etanneaux Louis xV, Louis XVi, etc",True
,"de quatre epingles de cravate, decors varies",True
,"de bijoux divers, en or, argent et bronze, des XVllle et Xixe siecles",True
,"de 8 boites et flacons, en bois divers, avec ornements graves, estampes, etc",True
,"de cadres, richement sculptes, en buis et autres bois, en bronze, etc",True
,von 8 zum Teil reich in Hol geschnittenen Dosen und Flacons des XVIll,True
,reichverzierter Rahmchen des XVI,True
,"de miniatures sur ivoire, portraits du Directoire, du Consulat et du Ier Empire, etc",True
,"interessanter,meist StrassburgerPortraits aufElfenbein",True
,"deminiatures su ivoire,verre,carton,etc",True
,"de quatre sceaux en cire, des epoques romane et gothique",True
,von vier mittelalterlichen Wachssiege,True
,"de douze sceaux en cire, du Xve au Xixe siecle",True
,von zwolf Wachssiegeln des XV,True
,"de dix-neuf lettres, du XVle au XVIlle siecle, sur parchemin et papier,ia plupart concernant l'Alsace",True
,von 19 Pergament-wnd Papierbriefen und Urkunden des,True
,"de quatre parchemins alsaciens, de 1357, 1453, 1563 et 1608",True
,"de cinq portraits en cire, des XVIlle et XIxe siecles",True
,"desXVIll,und XIX",True
,d'images religieuses alsaciennes de la seconde moitie du XVllle siecle,True
,meist elsassischen religiosenWachsbildern der zweiten Halftedes XVIII,True
,"de sculptures en bois, des XVlle et XVIlle siecles",True
,6kleineren Holzskulpturen desXVII,True
,"de 8 statuettes et plaquettes en ivoire, des XVIle et XVllle siecles",True
,8Statuetten und Plaquetten desXVII,True
,"de 4 portraits en ivoire,princes et savants,de la premiere moitie du XVIlle",True
,des XVIII,True
,"de 4 netzkis japonais,en ivoire, finement graves",True
,Netzki desXVIIl,True
,von Siegburger und Kolner Kriglein des XV,True
,"de petites cruches, en gres de Siegbourg et de Cologne",True
,"de plaques de poeles alsaciens, en faience, ornees de reliefs et de peintures",True
,"de 7 statuettes en porcelaine, marque de Ludwigsbourg",True
,"de cream-ware, de la fin du XVllle et du commencement du Xixe siecle",True
,"von Cream-ware-Keramik der Zeit um 180o,u",True
,"de platres sculptes par Jean-Pierre Dantan, ne a Paris en 18oo, mort en 1869 a Bade, bustes et carricatures de compositeurs, directeurs de concert, musiciens, etc",True
,"de quatre flacons en verre grave, du xVllle siecle",True
,"de flacons,verres tasses, etc",True
,geschliffener Kristallglaser des Empire und der Zeit um 1830,True
,"de vitraux divers, avec armoiries et figures, travaux suisses et strasbourgeois de differentes epoques",True
,Glasgemalden verschiedener Stile und Epochen,True
,"de peintures sous verre, du XVllle siecle",True
,figiirlicher Hinterglasmalereien des XVIII,True
,"de fusils a rouet et a pierre, de differents siecles, richement incrustes d'ivoire et de nacre,le fer sculpte ou gravé",True
,"von Feuergewehren verschiedener Langen und Jahrhunderte,in meist reich mit Elfenbein etc",True
,de poignards et de fourreaux de poignards divers,True
,"d'images religieuses, brodees en soie, une autre en chenille",True
,"de portraits en soie,tisses par Carquillat:le Christ a la croix,Napoleon Ier,Nicolas er, Napoléon IIl",True
,de broderies et de tissus divers,True
,Geweben und Stickereien,True
,de vitrines modernes,True
,"de statues en bois, de divers siecles",True
,"holzerner,zum Teil kolorierter Heiligenfiguren rerschiedener Jahrhunderte",True
,de portraits au pastel,True
,de divers tableaux d'epoques diverses,True
,alterer umd neuerer Bilder mit verschiedenen Sujets,True
,de tableaux de maitres divers du XIxe siecle,True
,d’aquarelles a l'encre de chine,True
,d'aquarelles et dessins de maitres divers:J,True
,"von Aquarellen und Zeichnungen verschiedener Meister,von ca",True
,"de lithographies artistiques modernes, d'artistes divers: E",True
,neuerer Kinstler-Lithographien von E,True
,"de gravures, lithographies et aquarelles, avec diverses vues de Strasbourg",True
,"von meist gerahmten Kupferstichen,Lithographien etc",True
,"de lithographies, de divers artistes alsaciens et autres",True
,Lithographien verschiedener Kinstler,True
,"de 3 plaques en cuivre grave, originaux divers pour l'impression de gravures",True
,"de portraits divers, graves a l'eau-forte",True
,gerahmter Kupferstichportraits verschiedener Meister und Jahrhumderte,True
,de gravures diverses,True
,verschiedenen Kupferstichen,True
,franzosischer Sous verschiedener Jahrhunderte und anderer Kupfermunzen,True
,"(1814-1860) Teil I-VIll, (fehlt Bd",True
,1818-1820,True
,i,True
,"dabei mehrere Bande von Klein's Annalen der Gesetzgebung,Preuss",True
,z,True
,"aller Schulwissenschaften, redig",True
,"fur 1874,1875 u",True
,"von Kupferstichen, Radierungen, Handzeichnungen moderner Meister, japanischen Farbholzschnitten, dabei zahlreiche",True
,"Professor Wilhelm von Rumann ,Munchen",True
,"Kammersanger Eugen Gura t, Munchen",True
,aus englischem Privatbesitze,True
,kein Gegenstand aus anderem Besitze hinzugefugt worden ist,True
,vor dem Wirtshause,True
,van Lerius Antwerpen,True
,"VON 40 VERSCHIEDENEN ALTEN BORTEN (Gold, Silber, Seiden- und Woll borten)",True
,nach Raphael,True
,Seibt,True
,in Frankfurt am 18,True
,modischer Figuren,True
,von Romern,True
,"in der Hohe des um das Zimmer laufenden, mit Gefassen und Buchern belegten Gesimses, dieses zum grossten Teil verdeckend, ist die Himmelfahrt Maria dargestellt",True
,ZU WORMS,True
,"enthaltend elf alte Goldmunzen,86 verschiedene Taler, ca",True
,"Calmann Levy,Paris,maison Quentin",True
,"von mehr als 350 grossen, auf Karton aufgezogenen Photographien: Landschaften, Strassenbil der, Architekturen, Volkstypen,antike Denkmaler aus der Turkei, aus Griechenland, Aegypten und Italien (hauptsachlich Florenz, Rom und Pompeji), dabei einige Schweizer und deutsche Ansichten",True
,von Gipsabgissen von Gemmen,True
,"des Bankiers Sir Thomas Baring, welche 1848 in London versteigert wurde",True
,"von dreibig Kammerherrenschluisseln,in feuervergoldeter Bronze und Silber,verschiedenster weltlicher und geistlicher Fursten; dabei Exemplare von ganz hervorragender Art in bezug auf kunstlerische Erfindung wie technische Ausfuhrung",True
,"von 50 Altberliner Porzellan-Ostereiern, samtlich reich dekoriert mit Blumen und Gold,und bemalt mit Landschaften,Ansichten der koniglichen Schlosser, Genrefiguren usw",True
,von Meisterwerken der neueren Plastik,True
,Cardinal Fesh,True
,"Harms,Libeck",True
,"Rinaldi,New York",True
,"Belesenay,Budapest",True
,Fondi,True
,Karl Thewalt in Koln,True
,von Haw in Trier,True
,des Baron Felix von Zuylen | Holz 35/25                    |,True
,Thewalt,True
,"von 159 Kameen und Gemmen in Muschel, Koralle und farbige Steine ge",True
,von 126 Gipsabgissen von Medaillen,True
,Bourgeois,True
,Bourgeois Nr,True
,Jaffe Nr,True
,"complete de 52 tableaux, peints a fresque, qui ornent les voutes du Vatican, graves en taille-douce",True
,"Konsul Wirz, Basel",True
,des Herzogs von Orleans,True
,"des Fursten Woronzow,Florenz",True
,Pinkoff,True
,"Parpart, SchloB Hunegg",True
,par Alph,True
,Agath,True
,"alter Empire-Bronzebeschlage, FuBe, Bekronungen usw",True
,von Zwergen,True
,Comartin,True
,von Siegeln und Autographen,True
,von Damonen,True
,alten Papiergeldes (Assignaten etc,True
,des Comm,True
,"Munchen:Eine Frucht gelegentlicher Archivarbeit, durch wahrhaft firstliche Ausstattung zu einem uiberaus starken Prachtband ausgestaltet",True
,"Paul von Prauns (Nurnberg 1548—1616), besonders reich an Kunstblattern, ist eine der wenigen deutschen Privatsammlungen der Zeit,die sich mit italienischen Sammlungen der Renaissance vergleichen lassen",True
,"der Zeit,die sich mit italienischen Sammlungen der Renaissance vergleichen lassen",True
,der Renaissance vergleichen lassen,True
,Spemann,True
,des Grafen Potoki stammend,True
,Hoch heisst es betreffs dieses Bildes: Das von verschiedenen ersten Autoritaten als ein Werk des Nicolas Maes anerkannte Gemalde stammt wahrscheinlich aus der frihen Zeit des hochgeschatzten Meisters,True
,"Grafvon Nesselrode,Moskau",True
,) | Mappe mit ca,True
,) |,True
,von Brevern,True
,von 302 Abdricken,True
,in der Paulskirche zu Frankfurt a,True
,des ehemaligen hessischen Kurstaates gehort ohne Frage die Sammlung des in Gottingen im Marz dieses Jahres verstorbenen Geheimen Medizinalrats Professors Dr,True
,des in Gottingen im Marz dieses Jahres verstorbenen Geheimen Medizinalrats Professors Dr,True
,Frankfurt 1879,True
,Thewaldt,True
,"August Riedinger, Augsburg",True
,"sehr vieler groBer Kriegsschiffe und kleinerer Boote, die miteinander im Feuergefecht sind",True
,von Feder,True
,Guerard,True
,Stiebel,True
,des Fursten Thurn und Taxis,True
,Sir Joshua Reynolds,True
,Gemmen-Abgusse circa 30o Stuck,True
,Stracke,True
,Stracke Bezeichnet,True
,"kann nur in den vier Posten,die durch A",True
,Herbst stammt aus der Galerie Laroche-Ringwald,True
,Henriquet Dupont,True
,de Montoya stammend,True
,von 65 div,True
,Hetzel) Paris,True
,Tros,True
,(30 ste,True
,1834 zu Stuttgart),True
,wehrloser Birger durch Unteroffiziere und Soldaten,True
,des plus belles compositions de Lepautre,True
,auf einem Felde mit nach hinten verlaufendem Weg,True
,1895 No,True
,Ringe,True
,baierischer Nationalkostime,True
,"Soltikoff stammend, talien,16",True
,als Perle zu glanzen,True
,—nach Fegers Tod aber erst kam er in den Handel,True
,"fallen diese mit dem bunten, vielgestaltigen Zunftgetriebe in unmittelbarer Beziehung stehenden Gegenstande besonders auf",True
,bietet,True
,"von Material zur Geschichte der Kinste, Odessa 1884,Band I,XIX,29,44,55",True
,Langen,True
,"im Stadtischen Suermondt-Museum zu Aachen,Textbd",True
,"LEOFRID ADELMANN, Wurzburg",True
,"Konsul CARL BECKER, Frankfurt",True
,BOURGEOIS FRERES in Koln,True
,"BOURGEOIS FRERES, Koln",True
,ALT-MEISSENER PORZELLAN d,True
,"FRANZ GEEB,MUNCHEN",True
,d'antiquites au Chateau de Heeswijk,True
,EDWARD HABICH zu Cassel,True
,JAK,True
,moderner Meister,True
,"KUPPELMAYR, Munchen",True
,RUD,True
,"von PANNWITZ, Munchen",True
,"HANS SCHWARZ, WIEN",True
,"THEWALT, Koln",True
,HEINRICH WENCKE,True
,"MERKENS, JUNKERSTORFF, v",True
,"BOURGEOIS (Antiquitaten Gemalde),zwei Abteilungen",True
,"ALBERT JAFFE,HAMBURG",True
,Kollektion Angst-Huber-Siegfried),True
,celebres d'Oeuvres d'Art,True
,di tutti le Opere Teatrali del Signor Camillo Federigi coll aggiunta di alcune non ancora pubblicate colle stampe,True
,Carl Jourdan,True
,der Konigin,True
,der Freifrau von Fechenbach in Laudenbach a,True
,Ed,True
,"gestattet, wie dies auch beziglich der Auktion der Fall ist",True
,tadellos erhalten,True
,"darunter: Schwedischer Taler von Gustav Adolf, 1618;Danischer 1620;VIll Mark danisch, 1675 (mit Reiterbildnis des Konigs); /s Brandenburger Taler, Friedrich Ill,1692; 8 Hamburger Schilling, 1727; Augsburger Taler, Franz I,1765; 3 Marientaler,Max Joseph von Bayern,1760, 1771, 1775;Maria Theresientaler 1780; Kronentaler, Franz II",True
,"ohne irgendwelche Erganzungen,altes Originalstuck",True
,"Schaubecks-Album, zwei Bande,mit sehr vielen guten",True
,durch die Vollstandigkeit auferst wertvoll,True
,"Fetis,Brissel",True
,WEIBLICHER HEILIGEN,True
,"Johannes Paul, Hamburg",True
,"Somzee, Bruxelles",True
,die Konig August der Starke von Sachsen zusammengebracht hatte,True
,hier fir eine blau und weisse chinesische Ware,True
,"des Grafen Caylus, (agyptische, etrurische, griechische und romische Altertimer), Wolfgang Winterschmidt",True
,"Samson, Brissel",True
,"Samson, Bruissel",True
,Mailand,True
,Thewa1t,True
,SchloB Mainberg,True
,Sch1oB Mainberg,True
,Gie1dzinski,True
,Lanna,True
,"Gi m be l, Ba denBaden",True
,"Gimbe l,Baden-Baden",True
,"Karl Jourdan,Vorwort von H",True
,"gestattet, wie dies auch bezuglich der Auktion der Fall ist",True
,der J,True
,Sieger,True
,"von Siegelabdricken in Siegellack,in einem Foliobande vereinigt",True
,von 125 Gipsabguissen von franzosischen Medaillen des 18,True
,"complete de 52 tableaux, peints a fresque, qui ornent les voutes du Vatican graves en taill-douce",True
,Eugen Felix,True
,Parpart,True
,des Generals Schuwaloff  Odessa,True
,in welcher 1o0 grosstenteils in der,True
,Vaterlandischer,True
,"vom Jahre 1850, darunter Schoder, Prasident; Fetzer, Mohl etc",True
,d'environ 7o manuscrits le concernant,True
,von zwolf kol,True
,von 6 kolor,True
,von 2o Werken nhalt:H,True
,"complete, Vollstandigste Ausgabe der ,Tableaux historiques de la Rev",True
,darunter u,True
,von 61 Medaillen in Silberlegierung a,True
,von Staats-Papieren und Notgeld der franzosischen Revolutions-Regierung,True
,dont les reliures seules valent 4oo—5oo Frs,True
,"complete, composee de 113 numeros en 3 vols",True
,de 214 assignats emis par l'Assemblée Nationale et le gouvernement revolutionaire,True
,von 33 Silhouetten auf Papier gemalt mit farbigen Einzelheiten in sehr feiner unter jeder Silhouette der geschriebene Name der betr,True
,"celebres d'Oeuvres d'Art, Prachtwerk mit 50 vorzuglichen Radierungen",True
,vor dem Dordrechter Rathaus,True
,des Barons Alfons von Rothschild zu Paris,True
,"von 300 Siegelabdrucken, darunter Furstliche, Adelige, Amts-u",True
,eingerichtet,True
,"von Marmorreliefs, italienische Arbeit in ge schnitzten Holzrahmen",True
,alter und neuer Chinakunst,True
,"oder besser gesagt mehrere Sammlungen zu beschreiben, die sehr viele bemerkenswerte Stucke enthalten",True
,"zu beschreiben, die sehr viele bemerkenswerte Stucke enthalten",True
,"Worlee,Hamburg",True
,von zahlreichen kleinen Stichen von Dan,True
,Ferd,True
,Haya shi,True
,ausgewihlter Lithographien nach vorziglichen Werken deutscher Kinstler,True
,Sammlung von 64 Photographien meist nach Gemalden alterer Meister,True
,von 64 Photographien meist nach Gemalden alterer Meister,True
,zu Nurnberg,True
,mit sehr seltenen Sticken,True
,of Gems and Rings,True
,von 104 Blattern,True
,"von Reden und Glickwunschs-Gedichten auf die """,True
,von I4 Blatt kolorierten Radierungen in 4 und kl,True
,von Io Blatt Karikaturen auf Napoleon I,True
,der Dombau-Vereinsgenossen,True
,von 29 Blatt; Photographie und Druck von W,True
,der vorziglichsten Gemalde der Konigl,True
,"von 16 Stick (deutsch, franzosisch, italienisch):Dresden, Minchen, Wien, Amsterdam,Antwerpen, Rom, Turin etc",True
,"von 14 diversen Werken neuerer Zeit (darunter: Kuhn, Roma, 1878; Wesseler,Palastina,illustriert; 7 Bande der Bibliothek: Das Wissen der Gegenwart)",True
,"von 125 Stick, aus der neueren Zeit:Koln, Berlin, Minchen usw",True
,"von 26 diversen Buichern neuerer Zeit iber Kunst,Kunstgeschichte und Kunstgewerbe",True
,von 174 verschiedenen Konsulardenaren aus der romischen Replublik,True
,von 35 Bronzemedaillen Ludwig XIV,True
,mit Text von O,True
,Joh,True
,der vorzuglichsten Gemalde der Dresdener Galerie,True
,von 10 Kunst-und Gemaldekatalogen,True
,der Gebruder Bourgois,True
,Thewalt in Koln,True
,"von Halbtalern und Gulden, meistens aus dem 17",True
,Abgisse von Gemmen,True
,"40 Delfter Kacheln,gerahmt",True
,"von 20 verschiedenen Ansichten der Stadt, ihrer alten Badehauser und Badegebrauche, sowie des Rathauses, des Minsters, nebst den Planen von Aachen und Burtscheid etc",True
,Nadar,True
,von 32 Bl,True
,1848,True
,Leuchtenberg,True
,Peltzer,True
,"siddeutscher Porzellane,Auktion Helbing 1911,Nr",True
,Gsell; rickwarts Bestatigung der Kunsthandlung Ataria &amp; Co,True
,"Kann, Paris",True
,des Freiherrn von Aretin,True
,in Munchen,True
,"Alfons Cannes, Paris",True
,von 14 Blatt kolorierten Radierungen ca,True
,des letzten Herzogs von Nassau,True
,Lippmann Nr,True
,Loschi),True
,Weber Nr,True
,zu Wien wird das Bild des Jacopo de Strada von Tizians Hand bewahrt,True
,kleiner Kupferstiche u,True
,Adolfv,True
,La n na,True
,von 14 Porzellan-Pfeifenkopfen mit verschiedenen bunten Adelswappen und Widmungen an einen Herrn v,True
,flankiert von 1585,True
,Dr,True
,"Donebauer, Prag",True
,"Donnebauer,Prag",True
,"von 30 alten englischen Spindeluhrkloben, darunter reich verzierte",True
,von altem Miniatur-Silbergerat,True
,von 13 Bl,True
,von 14 Bl,True
,Osc,True
,Jourdan,True
,von 10 Bl,True
,auf dem Marsfelde,True
,von 28 Bi,True
,"bestehend insgesamt aus 177 Minzen und zwar: 1 Goldmiinze ,一",True
,B,True
,d des ah,True
,von japanischen und chinesischen Bronzeappliquen,True
,Seder,True
,Furst Esterhazy usw,True
,"von 55 Blattern, getonte und farbige Lithographien, aus dem Dusseldorfer Kunstler-Album,40",True
,von 12 Bll,True
,franz,True
,des GroBherzogs von Hessen,True
,Gogel,True
,Grebenstein,True
,"Lanna, Prag, v",True
,"Lanna, Prag; 1559",True
,Adalbert v,True
,"Carl Jourdan, Frankfurt a",True
,"Hermann Emden, Hamburg; 1524",True
,Gustav v,True
,"Karl Gimbel, Baden-Baden; 1384",True
,"Friedrich Lippmann, Berlin;1661",True
,Adolf v,True
,von 15 italienischen Krippenfiguren in alten Trachten,True
,"Unter Baldachin der First, am langen Tisch die Notabeln",True
,von 4 Berliner Planen,True
,von 33 Blatt Berliner Ansichten,True
,"von 32 Blatt Berliner Ansichten in Aquatinta von Calau, Delkes- kamp u",True
,"der bekannten kleinen alt-berliner Ansichten, darunter auch solche von Charlottenburg und Potsdam",True
,"von 21 Blatt Berliner Ansichten in Lithographie, davon 14 farbige Lithographien",True
,"Gesamtansicht vom Kreuzberg, Pano- rama unter den Linden,Schloss,Zeughaus,Anhalter Bahnhof,Schloss mit Schloss- bricke,Lustgarten,Opernhaus,Schauspielhaus,Kroll,Konigl",True
,"von 15 Blatt Ansichten Berliner Kasernen, Kadettenanstalt, Kriegsministerium etc",True
,"von 22 Blatt Ansichten, Grundrissen, Planen etc",True
,der National-Garde im Opern-Saal zu Berlin (1806),True
,Barricade am kollnischen Rathaus (4 Blatt) Angriff a,True
,von 7 Blatt Darstellungen von militarischen Einzugen etc,True
,von 3 Blatt Darstellungen militarischer Einzugsfeierlichkeiten der siegreichen Truppen 1871 in Berlin,True
,"von 9 Blatt mit Darstellungen von Einzugsfeierlichkeiten in Berlin,der bei diesen Gelegenheiten errichteten Ehrenpforten etc",True
,von 21 Portrats etc,True
,"von 10 Blatt Darstellungen von Zirkusreiterinnen,berihmten Rennpferden u",True
,von 11 Blatt mit Darstellungen Berliner Humors,True
,stammend,True
,"Koniglich Preussische Cavallerie in 41 Figuren,nach den Gemalden von Lieder u",True
,eine Rede,True
,"von alten Kirchenvatern,klassischen, beruihmten Schrift- stellern in Schweinsleder-Einbande gekleidet",True
,"von 10 Blatt Handzeichnungen (Aquarell, Bleistift, Tusche etc",True
,"prahistorischer Bronzefunde: Ringe, Nadeln usw",True
,Wilhelmy,True
,in ihren vorziglichen Ristungen und Waffen,True
,Klassiker des Mittelalters,True
,composant le Musee Royal D'Antiquites d'Armures et d'Artillerie Bruxelles),True
,der Entwirfe ausgefuhrter Gebaude von F,True
,des osterreichischen Kaiserhauses im K,True
,aus den Jahren 18oo-18o6,True
,Deutsche Klassiker des Mittelalters,True
,"Edmund Hardy,Mainz",True
,aller Ritterorden der verschiedenen Nationen von A,True
,alter Siegel,True
,18,True
,"mit Provenienzangabe (Parochialkirche in Bonilla de la Sierra, Provinz Airla)",True
,mit,True
,Abbildung Tafel 64,True
,Hirth,True
,in der Paulskirche zu Frankfurt,True
,Hogathischer Kupferstiche von Riepenhausen,True
,Gobel,True
,von 1264 Ganzsachen aller 5 Erdteile,True
,of Prints from pictures,True
,Andreas Ilthout,True
,"prahistorischer und antiker Funde: Bronzeminzen, -fibeln, -Sperr",True
,"von 42 runden, bunten Glasscheiben mit verschiedenen bunten Wappen im Stil des 16",True
,von Monchen ein Vivat ausbringend,True
,"von finf silbernen Anhangeschilden, darunter zwei in Form von Doppeladlern",True
,"von neun kleinen Silbergegenstanden:Ohrringe,Fingerhut, Miniatur",True
,enkaustischer Glasgemalde,True
,von Silber- und Kupfermunzen,True
,"Artaria,Mannheim",True
,des Marquis von Bailleul als Wouwermans,True
,vor dem Rathause in Dordrecht,True
,"Bourgeois Koln, in Art des Giovanni zusammengekauert,hebt eine nackte Frau auf seinen Rucken",True
,Kolasinski,True
,von sieben Tafeln mit 281 Beschlagen aus Bronze und galvanoplastischen Nachbildungen von Formen,True
,von 41 Blatt amerikanischer Personlichkeiten,True
,von ZZ alten Kupferstichen von J,True
,Sousczec stammend,True
,der Brider Becker in Koln-Deutz,True
,des Viscount Oxenbridge auf Burton Hall (Lincoln),True
,der Bruider Becker in Koln-Deutz,True
,"der Bruder Becker,Koln-Deutz",True
,Gumprecht (Nr,True
,Roettgen,True
,Schmetz=Aachen,True
,Scbmetz=Aachen,True
,"Schmetz,Aachen",True
,"von 70 Studk vershiedenen Seidenstidkereien, Kloster= bildern und Handmalereien auf Seide und Pergament",True
,Habich,True
,Hayashi,True
,von 31 Blatt Karikaturen auf Berliner Personlichkeiten der 40er Jahre,True
,"VON ELF STUDIENBLATTERN,meist in Bleistiftzeichnung",True
,Christian Hammer stammend,True
,van den,True
,von siebzehn Figuren aus bemalter Papiermasse:Krieger aus dem 16,True
,von 19 Mushelgemmen,True
,von Autographen von Musikern,True
,von 60 Gemmen (Abgissen von Munzen) und 1Form mit 2 Abdricken | 150               | | 2 Reliefs nach Thorwaldsen                                                                                               | 250               |,True
,Baldinger-Seidenberg und Peltzer                                  | 20                 |,True
,"des Lucian Bonaparte, Albano)",True
,Weber,True
,Weber),True
,Michel-Koln) 1793,True
,"(Oryktognostische Sammlung) von 150 Nummern, nach Bloms System geordnet,in fuinf",True
,") von 150 Nummern, nach Bloms System geordnet,in fuinf",True
,"aller Arten Nadeln,wie solche von romischen Frauen gebraucht wurden",True
,von 22 Stck,True
,"von 400 Kupferminzen, alle gut erhalten, dabei romische",True
,Karl Junckerstorff in Dusseldorf,True
,Franz Merkens in Koln,True
,"Pergamenter, Berlin",True
,"Pergamenter,Berlin",True
,Ganzsachen,True
,"Ausgrabungen, Grabfund aus der Bronzezeit: Speerspitze, Armspangen, Spiegel, Schnallen, Fibeln, Schlosser, Schlissel und romische Munzen,4 romische Glaser, 10 Keramiken,2 Knochensticke und 1 Gemme",True
,Halbedelsteine in sechsteiligem Etui,True
,Graf Pietro Rotari I91,True
,"von 25 franzosiscen, hollandischen und englischen Spindel= uhr-Kloben,z",True
,in zwei Kasten,True
,von Z7 kolorierten Stichen aus dem Leben Jesu,True
,von 23 Blatt Japanischen-Farbholzschnitten,True
,von Werkzeugen,True
,"von eisernen Beshlagen, Hufeisen u",True
,von Bronzenageln,True
,von Shreibgriffeln,True
,von Bronzebeschlagen,True
,von Bronzefibeln,True
,von Bronzeringen,True
,von hollandischen Kacheln,True
,von M,True
,"bestehend aus: 1 geschnitzten Hirschkopf, 3 Hirschgeweihen, 18 Rehgehornen",True
,iber 2000 Stuick,True
,2 Bande,True
,"von Gemmen, Abguisse von Muinzen",True
,Friesen,True
,Heintze Weissenroder,True
,Comtesse Valdelomar,True
,von Miniatur-Federvieh,True
,von Miniatur-Tieren,True
,Knopf,True
,Worle,True
,"Comte de Montravel, mit zahlreihen Abbildungen",True
,japanischer Holzschnitte und Druck,True
,"von 39 Porzellanschildern mit Miniaturmalerei, im Mahagonikasten",True
,Hogarthscher Kupferstiche,True
,"Ganzsachen, zirka 10oo Stick",True
,Siegelmarken,True
,Steine,True
,Wachsfrichte,True
,von japanischen Holzschnitten und Schriften,True
,"von Holzschnitten,von Franz Lipperheide",True
,von 51 Tsubas,True
,"mit Schrank,127 Silberminzen,2180 Gramm",True
,217 Kupfermunzen,True
,93 romische Kupfermuinzen,True
,von 28 Stuick japanischer Aquarelle auf Reis,True
,"alter geschnitzter Kameen,162 Stick, im Holzkasten",True
,"Metzl, Berlin=Moskau",True
,""" und ,Eine Liebe""",True
,Loeb,True
,Cheramy,True
,"of two hundred Prints after the original Designes of Claude de Lorrain in the collection of his grace the Duke of Devonshire, executed by Ricard Earlom",True
,"of his grace the Duke of Devonshire, executed by Ricard Earlom",True
,"in zwei Glaskasten, Gipsabgusse von Gemmen",True
,Jaffe),True
,"Reimer, Versteigerungskatalog No",True
,"Reimer,Versteigerungskatalog a",True
,!,True
,in Mahagoni-Holzkasten unter Glas,True
,"bestehend aus 2o Ausstellungskasten mit Schrank und einem grossen Posten loser Schachteln und Kasten mit Kafern, Raupen, Schmetterlingen",True
,"Melville, Camberley, Surrey",True
,Graal,True
,Benedikt XIV,True
,Sternberg=Manderscbeidt,True
,Mourian,True
,Prayer,True
,Piancastelli,True
,Lamponi,True
,erworben,True
,"Piancastelli, Rom",True
,stammend befindet sich im Kupferstich-Kabinet Berlin,True
,Hausmann,True
,Ricbardson,True
,vollstandig,True
,in elegantem Lederband,True
,von 328 Gemmen-Abdrucken in Gips,True
,der Furstin Gargarin,True
,"der Hamburger Kunsthalle, laut Kommissionsbeschluss",True
,"Zinndose, Hohe 7 cm",True
,von Ronins,True
,bestehend aus 17 verschiedenen Siegeln,True
,"von363Blat Radierungen auf ZZ1 Kartons, enthaltend fast alle seine Hauptblatter, u",True
,von 38 Spindeluhrwerken,True
,von Kupfer - stichen hinter Glasscheiben,True
,von 40 Halbedelsteinen,True
,aller Reisebeschreibungen,True
,"von Photograviren nach Bildern und Studien von Mitgliedern des Vereins Bildender Kinstler Munchens"" (1 Orig",True
,von Militar ur d Volk umgeben,True
,Stollwerkbilder,True
,von Sdhilling,True
,Knuth-Tsinanfu,True
,von Frau V,True
,von 47 Original-Handzeichnungen und Aquarellen,True
,Mohn) Bleistift,True
,"Geheimrat Grothe, Dusseldorf",True
,eines Thuringer Fursten,True
,von 38 Banden,True
,von Lithographien nach Gemalden und Zeichnungen des 19,True
,"zu Weimar, in Umrissen gestochen von W",True
,des Erzherzogs Karl,True
,de Vues pittoresches de 1Italie,True
,von Denkmalern und Verzierungen der Baukunst in Rom vom 15,True
,Georg Schwarz,True
,des Kaisers Kien-Lung,True
,"von Wedgewood-Geschirren,26Teile, durchbrochene Platten, Korbchen,Essig- und Oelge",True
,von 12 alten silbernen Buchschliefen,True
,von 30 antiken Ringen mit farbigen Steinen,True
,Forbes,True
,"Belmonte, New York",True
,de Vues pittoresques de 1'Italie,True
,von 24F Elfenbeinminiaturen von A,True
,in einem turmbesetzten Dorf,True
,Kaven 19o9 Nr,True
,Frhr,True
,des Frhr,True
,Georges Viau,True
,1895,True
,einer religiosen Sekte,True
,"des im Januar dieses Jahres verstorbenen Freiherrn Heinrich von Tucher,zu der die nachfolgend unter Nr",True
,"herzurichten und so den vielen Kunstwerken, die in Nurnberg von der Kunstliebe seines alten Patriziergeschlechts Zeugnis ablegen, ein neues, allen Kunstfreunden zugang= liches Denkmal hinzuzufigen",True
,von neun weiblichen Heiligen (Altarflugel),True
,Kaven 1909 Nr,True
,des Barons Ernst von Ungern=Sternberg,True
,Kolasinski (Nr,True
,Wesendonck,True
,Frh,True
,des Frh,True
,Rettung des Phaeton,True
,"Wesendonck; das im Katalog der Sammlung verzeicnete Gegenstuck,angeblid signiert, jetzt in einer Munhener Privat-Sammlung",True
,"verzeicnete Gegenstuck,angeblid signiert, jetzt in einer Munhener Privat-Sammlung",True
,des Frhrn,True
,"von Heiligen, dabei Magdalena und Sebastian und Stifter",True
,Lobmeyer Wien,True
,Kommerzienrat A,True
,Richard Muther,True
,Winterheld,True
,Wolter,True
,Clementi inFlorenz,True
,Vallardi,True
,Gral,True
,Clementi Florenz,True
,des Dogen und des venez,True
,"Winterheld, Miltenberg",True
,Furstenberg in,True
,Carcano vente publique 1912,True
,Georg Viau,True
,"Jaffe, London",True
,Jaffe,True
,Glitza,True
,von verschiedenen Ausgrabungen,True
,in Heidelberg 1917,True
,der Kunsthalle Hamburg,True
,"von Photogravuren nach Bildern und Studien von Mitgliedern des Vereins Bildender Kunstler Muinchens"",Berlin Photographische Gesellschaft",True
,Lanna 1794-1872                                                                                                                                                                                                                                                                                                                                                                                                                                                                                                                                                                                                                                                                                                                                                                                                                                                                                            |        |,True
,"alter Stidbe, Lithograpbien,Bubausjbnitte ufw",True
,"Schmeil Dresden, Kat",True
,der Tiere,True
,Goldschmidt,True
,"Goldschmidt, Frankfurt",True
,des Konigs von Hannover,True
,"Delaroff, Sidorow, Lubke",True
,Zerner,True
,van Kasselman,True
,Hofschauspieler A,True
,des Hofschauspielers Alois Wohlmuth,True
,"Gottfried Eibler, Wien",True
,August G,True
,eines Frankfurter Sammlers,True
,Geheimrat Erhart#Rom,True
,"Geheimrat Erhart, Rom",True
,"Baron von Konigswarter,Wien",True
,12 Exemplare,True
,"Ring-Cameen,14 Stuick",True
,exotischer Vogel,True
,Schadel und diverses,True
,"Photos,Olivenholz, intarsiert",True
,Corot,True
,von Gelehrten,True
,"Vicomte de Rouffo-Bonneval, Brussel",True
,1681,True
,"des Herzogs von Rutland; bei Waagen, Kunstwerke in England erwahnt",True
,Colonel Hayward und Sir Prior Goldney,True
,des Sir,True
,"Johannes Stumpf, Versteigerungs-Katalog 1918, Nr",True
,Eugen Schweitzer,True
,"Johannes Stumpf, Versteigerungs~Katalog 1918,Nr",True
,Grosvenor Thomas,True
,des Konigs von 1723,True
,Fuller Russell,True
,des Schlosses Marienburg,True
,von Speybrouck,True
,Eduard v,True
,Gustav von Gebhardt,True
,der Grafin von Caernavon,True
,Fountaine,True
,Passerini,True
,Charles Butler,True
,Humphrey Ward,True
,Oswald,True
,Schnitgen Koln (Witte Taf,True
,Kaufmann,True
,Georg Schwarz (Verst,True
,"Wolters,Minchen (Festschrift d",True
,Oertel （Auktionskatalog Nr 14 Taf,True
,Georg Schwarz (Versteigerungskatalog Nr,True
,Leinhaas (Auktionskatalog Nr,True
,Schweitzer (Verst,True
,Benoit Oppenheim (Katalog Nr,True
,Georg Schwarz (Auktionskatalog Nr,True
,Benoit Oppenheim stammend (Katalog Abb,True
,"Delaunay,Paris, dann G",True
,"Bossy, jetzt Paris,Louvre (Vitry et Briere,a",True
,"Timbal in Stein (Vitry et Briere,a",True
,"des Landrats Thomee in Altena (Bau- und Kunstdenkmaler von Westfalen,Kreis Altena",True
,"Lippmann, Berlin (Auktionskatalog Nr",True
,Oertel (Kat,True
,"Schnitgen, Koln,um 1300,aus Westfalen (Witte, Tafel 10 Nr",True
,"James Simon, Berlin und ,der Frau in der Laube"", London, Buckingham Palace",True
,Kommerzienrat Sturm,True
,Marquis B,True
,Jahrg,True
,von Bischofen und Laien im Schiff einer Kirche,True
,Grimaldi,True
,) mit sechs durchgehenden Schubkasten,True
,"wurfelformig, mit je sechs abgeteilten Schubkasten und Deckplatte",True
,"Sidorow, St",True
,"Henri Rochefort, Sammlung Nicolle",True
,Nicolle,True
,des Freiherrn von Arentyn,True
,"des Barons von Oppenheim, Florenz",True
,in Frankfurt a,True
,"Goldschmidt,Berlin",True
,"De Ridder, Versteigerung Helbing)",True
,Strauf Wien,True
,"Sonksen, Plon-London und Ruttgers, Munden",True
,"Robert Ohly,London und E",True
,Berghese,True
,Frau Prof,True
,Fellner,True
,Clemm,True
,Karl F rank-Augsburg,True
,von Nie se wan d-Mulheim a,True
,Friedrich Rudolph von Berthold-Dresden,True
,Hofkapellmeister Ritter von Herbeck,True
,Wohlmuth,True
,Univ,True
,Gumprecht,True
,Goldschmidt-Rothschild,True
,"Heymann, Breslau",True
,"Trutschler, Dresden",True
,Ikle,True
,herausgeg,True
,Hirth stammend,True
,Gunther,True
,Gunther Abb,True
,Guinther 206a DOSENDECKEL mit Watteauscene und ELFEN BEINDOSE mit Miniatur,True
,"Gunther, Fasano",True
,"Zitzmann,Auktion Cassirer-Helbing,Berlin, Marz 1925, Nr",True
,Gunther a LANDSCHAFTSMOTIV VOM CHIEMSEE,True
,Furst Jusupoff,True
,Furst Demidoff,True
,Furst Golitzin,True
,"Georgus Kloss, Frankfurt a",True
,"Baron Erlanger,Paris",True
,Kommerzienrat Dr,True
,"Prinz Otto Sayn-Wittgenstein, Auktion Galerie Helbing Munchen 1907,Kat",True
,des Grafen Schack Munchen,True
,Lobmeyer,True
,Reich,True
,Lohmeyer,True
,"Haworth, London",True
,Stumpf,True
,von 66 Uhr kloben,True
,des Univ,True
,"Oppolzer Innsbruck, Auktions-Katalog Helbing, Minchen, 3",True
,"Habich, Cassel",True
,Mihsam,True
,(22 Stick): a) Brustbild einer jungen Frau mit ge,True
,Poulton-Nicholson Nr,True
,"von 9 altgriechischen Tonvasen: 3 rot-und eine schwarzfigurige, zwei mit ornamentalem Dekor, eine mit zwei gerillten Zonen, zwei schwarz",True
,VON 50 TASCHENUHREN DES 18,True
,Alex,True
,"VON 30 DECKELDOSEN,hierzu EIN DOSENDECKEL,alle rund",True
,"Lanna, Prag",True
,G,True
,"Jaffe, Hamburg, Katalog Nr",True
,"Narischkin,Nr",True
,WEBER HAMBURG,True
,"BARON ALBERT OPPENHEIM COLN,BAND IGEMALDE",True
,"Schubert, Muinchen",True
,Paul Delarow,True
,haben die zwei rheinischen Manufakturen Hochst und Frankenthal entschieden das Ubergewicht,True
,Porges Nr,True
,der Herzogin von Bojano;abgebildet im Racontars,True
,der Herzogin yon Bojano,True
,Sangiorgi,True
,"VON 88 FINGERRINGEN aus Silber,Bronze und anderen Metallen",True
,Seligsohn,True
,Lanna und Seligsohn,True
,Riabuschinschky,True
,de Segur,True
,des Herzogs von Rutland,True
,Wynn Ellis,True
,des Herzogs von Choiseul und von Ch,True
,des Kardinals Fesch,True
,"der Konigin Charlote von Wurttemberg, Prinzessin von GroBbritannien",True
,des Herzogs von Leuchtenberg,True
,Laena,True
,Fileol,True
,jugendlicher Paare,True
,"eine betrachtliche Anzahl guter Olgemalde,von einer Reise durch Belgien, Frankreich und Italien heim",True
,"von Kunstsachen unter dem Druck der Kriegsjahre nachhaltig litten —oftmals Gelegenheit, wertuolle alte Gemalde fuir maβige Preise zu erwerben",True
,"zum Verkauf kamen, wie unter anderm die schon durch den Catalog des Gallerie-Directors Oestreich von 1763 und durch Fuessly's Kinstlerlexikon bekannt gewordene von Stenglin'sche Sammlung, sowie die ebenfalls rihmlichst bekannte, durch den Catalog des Kunstmaklers Noodt von 1824 ausfihrlicher beschriebene von Castell-Bedernau'sche Collektion und ein Teil der alten und wohl renommierten von Truchsess'schen Sammlung, der lange in Hamburg verpfandet war, und endlich ganz hierher gelangte",True
,"sowie die ebenfalls rihmlichst bekannte, durch den Catalog des Kunstmaklers Noodt von 1824 ausfihrlicher beschriebene von Castell-Bedernau'sche Collektion und ein Teil der alten und wohl renommierten von Truchsess'schen Sammlung, der lange in Hamburg verpfandet war, und endlich ganz hierher gelangte",True
,"der lange in Hamburg verpfandet war, und endlich ganz hierher gelangte",True
,"mehrte sich zugleich durch manches Bild,welches ganz vereinzelt im Privatbesitz gewesen und wenig geachtet war, oder zurickgestellt und fast vergessen, erst wieder hervorgezogen und angeboten ward, als es bekannt geworden, daB hier Gemalde gesammelt wurden",True
,"des Reichsritters Pachner von Egenstorf,Wien,erworben",True
,des Kunstmaklers Noodt erworben,True
,Konig Karls 1,True
,Stockel erworben,True
,eines Libecker Domherrn erworben,True
,Stenglin 1822aufgenommen,True
,"Johann Casanova,Rom 1763, dann im Besitz des Direktors der Malerakademie zu Dresden und gelangte durch Vermittlung des Professors Johann Christian Klengel in die Sammlung von Heintze",True
,von Heintze,True
,von Pachner-Egenstorf erworben,True
,von Stockel erworben,True
,des Baron von Schonfeld nach Wien und aus dieser in die Sammlung von Heintze,True
,Walcker in Minneapolis,True
,"im Johanneum, Dresden",True
,Lobmeyr,True
,Graf Munster,True
,Talmudscher Tor= heiten,True
,Hamminger,True
,"Berlin,Nr",True
,"Greb,Kuppelmayer,Pannwitz,Leonhard,Leinhaas usw",True
,James Simon,True
,Direktor J,True
,Heinrich Kaven-Grunewald 1909,True
,Freiherr Josef von LaBberg,True
,"Karl Meyer, Wien 1914",True
,Freiherr Von Mecklenburg auf Pantlitz,True
,und Innen-Einrichtung der Villa des Geh,True
,von 144 lithographischen Tafeln in Farben mit Reproduktionen nach den Handzeichnungen der Albertina,True
,orientalischer Teppiche,True
,"Alfred Schindler, Wien",True
,"《, 1915,S",True
,"Weber, Hamburg",True
,Wauters,True
,Habich und A,True
,de Vos und R,True
,Collins und R,True
,"John Barnard, W",True
,"Benoit Oppenheim,Berlin",True
,Johann Orth,True
,"und ,Eine Liebe"" von Franz Hermann MeiBner,Munchen, Hanfstengl 1897, besch",True
,"Albertine a Vienne avec cinquante heliogravures en Facsimile et huit vignettes, publie par Moritz Bande und Mappen der Goethe-Gesellschaft,Origl",True
,Nurnberg o,True
,"persischer Gedichte, Hamburg 1856Deecke, Lubische Geschichten und Sagen,Lubeck 1890, abgegr",True
,"von Volksgesangen, 2 Bde",True
,Lanna Prag,True
,Hedlinger,True
,Rossi,True
,"Georg Hirth, I",True
,Georg Kitzinger 1912; G,True
,Cahn-Speyer (Porzellanflakons),True
,"Fritz Clemm-Berlin 1907; Emden-Hamburg I, 1908;Jourdan,Frankfurt 1910;Lanna-Prag II, 1911; Gerhardt-Budapest I, 1911; Gieldzinski-Danzig 1912;Montoga-Madrid 1912",True
,"Charles Sedelmeyer-Paris (Erstes Hundert,Tafel 78) und Aifred von Strasser-Wien",True
,des Herzogs von Sachsen-Altenburg,True
,"Robinson, in Bronze u",True
,Baron Alb,True
,Castiglioni,True
,Bandli,True
,"von 30 Originalradierungen, davon 20 in Vorzugsdrucken auf aufgewalztem China",True
,Baron von Heintze,True
,"Cichorius, Leipzig",True
,Weisbach,True
,von Pannwitz,True
,"Gillot,Paris",True
,Gustav Guterbock t-Berlin,True
,"VON 88 FINGERRINGEN aus Silber, Bronze und anderen Metallen,z",True
,La nna und Seli g sohn,True
,Comte R,True
,Karl Frank-Augsburg,True
,"STROGANOFF,Pollak,Ludwig et Hunoz,Antonio",True
,"Gieldzynsky,Danzig",True
,"Domenico Bossi, Auktion Helbing",True
,"Matthes, Berlin",True
,"Geheimrat Cremer,Dortmund,benutzt",True
,Spiridon dem Borgognone zugeschrieben,True
,"Spiridon dem Filippino Lippi zugeschrieben; doch scheint der von van Marle (Aprilheft des Cicerone 1929) vorgeschlagene Name des Pier di Lorenzo Pratese, eines Kunstlers aus dem Pesellinokreise, glucklicher den fruheren Stil der Tafel zu bezeichnen",True
,Spiridon wurde das Bildnis dem Holbein zugeschrieben,True
,Spiridon wurde das Bild dem Defendente Ferrari zugeschrieben,True
,VON 433 GIPSABGUSSEN NACH BERUHMTEN MUSEEN,True
,von 142 ganzseitigen Lithographien,True
,von 15 Original-Radierungen,True
,von 58 Original-Radierungen mit Karikaturen von Heath,True
,VON 11 BRONZEPLAKETTEN UND GEDACHTNIS MuNZEN zur franzosishen Revolution und zum Kaiserreic,True
,VON 30 KUPFERN mit griechischer Vasenmalerei,True
,OF VOyAGES AND TRAVELS,True
,Riesebieter in Oldenburg sowie im Stadtischen Museum in Braunshweig,True
,Riesebieter und in der Sammlung Zimmermann= Berlin,True
,Zimmermann= Berlin,True
,Riesebieter (abgeb,True
,"Riesebieter (Riesebieter, Fayencen, Abb",True
,Heiland 《v,True
,"Heiland, Olga Bloh, Die Kasseler Fayencemanufaktur, Abb",True
,Leo Lehmann Frankfurt a,True
,"Bardini, Florenz; vgl",True
,Bardini,True
,Pagan de Paganis in Bologna,True
,"VON ALTEN SILBERNEN BUCHSCHLIESSEN, 89 Stuick und 5 Fragmente",True
,WAKAI,True
,Freiherr von Heintze-Wackenroder,True
,Freiherr von Heintze Wackenroder,True
,des Herzogs von Leuchtenberg; in dem von Passavant verfabten Katalog der Sammlung als Van Dydk beschrieben und von Muxel gestochen,True
,als Van Dydk beschrieben und von Muxel gestochen,True
,Pringsheim (Nr,True
,Fairfax Murray,True
,Roussel in Nanterre bekannt ist,True
,"Kommerzienrat Schmeil,Dresden",True
,"De Ridder,Auktion Munchen, 9",True
,"Zahn,Auktion Munchen, d",True
,"Zahn, Auktion Muinchen, d",True
,"Zahn,Auktion Munchen, den 20",True
,"Hering,Auktion Munchen, den 29",True
,"Tuingler, Auktion Muinchen, den 5",True
,"Hering, Auktion Munchen,29",True
,"Georg Hirth,Auktion Munchen, d",True
,sehr aufgeregt gestikulierender und auf ein an der Wand hinter ihnen hangendes ordensgeschmucktes Herrenportrat weisender Manner,True
,Bedkerath,True
,Praun von Italien nah Deutsdhland gelangte,True
,"Geheimrat Naumjen, Baden-Baden und Sammlung Direktor Theodor Schall, Baden-Baden",True
,"Direktor Theodor Schall, Baden-Baden",True
,Lanna Nr,True
,"Bertha Schafranedk, Wien",True
,Geheimrat v,True
,"Geheimrat Seligmann,Koblenz, Nr",True
,"Launa,2",True
,"Eysler, Wien",True
,Campe,True
,Philippi,True
,Grahl,True
,"Gottfried Winkler, Leipzig",True
,Hartlaub und Rol,True
,di Roma,True
,di sedici pezzi in bronzo per mobili Louis XVI di varia grandezza e soggetti,True
,"di numero 21 bronzi Impero,accessori per mobili, disegni assortiti, varii per soggetto e grandezze,da pezzi di 32 centimetri di lunghezza a dimensioni minori",True
,"composta di tre grandi tazze cilindriche con manichi, tre tazze con relativi piattelli a manichi, una vaschetta ovale e due piccoli vassoi quadri,lavori in terracotta con ornati e figure greche ed egizie in nero, rosso e bianco",True
,francese,True
,ma marcato in bianco,True
,des Museums schlesischer Alterthumer,True
,zu Cassel,True
,von Eugen Felix in Leipzig Katalog,True
,Richard Zschille,True
,des Prinzen Carl von Preussen,True
,Marfels,True
,des principales pieces de la galerie darmes anciennes de Madrid,True
,des Freiherrn Albert von Oppenheim in Koln,True
,zu Sigmaringen,True
,of Llewelyn Meyrick etc,True
,zu Madrid,True
,d'armes de S,True
,des Particuliers J,True
,in Turin,True
,in Originalphotographien,True
,"zu Nurnberg, der kunsthistorischen Sammlungen des A",True
,des A,True
,"von Abbildungen tirkischer, arabischer, persischer, centralasiatischer und indischer Metallobjecte",True
,zu St,True
,des Grafen S,True
,Kuppelmayr-Munchen,True
,des kgl,True
,der Uffizien zu,True
,Ralph Bernal 1855,True
,Mention et Wagner 1838 (Armes anciens),True
,"de quarante caricatures militaires de tous pays, euvre pleine d'humour, du celebre caricaturiste",True
,des rois de France,True
,"DE 2o6 MEDAILLEs en bronze de differents modules, frappees sous le premier Empire",True
,du comte S,True
,"'de quarante-deux croix,la plupart byzantines, en argent,vermeil et or maille,et une chaine en argent emaille",True
,"de vingt-quatre objets, se composant d'une chaine, de reliquaires, de croix et d'autels domestiques, en argent, vermeil, email, ivoire et pierres precieuses",True
,du baronPichon,True
,"de Cambaceres,prince archi chancelier du premier Empire,duc de Parme,etc",True
,"du duc Melzi d'Eril, comme Long",True
