catalogue_id,occurrences,types
BO0614_87918,21,landschaft|portrat|stilleben|tafel
BO0624_15271,14,tafel
BO0624_15351,1,dessins
BO0624_15368,3,tafel
BO0624_4389,1,sculture
BO0624_4399,18,bronze|dessins|sculptures|tableaux
BO0624_4454,19,peinture|sculpture|sculptures|tableaux|tapisserie
BO0624_4466,2,dipinti|miniature
BO0624_4482,3,dessin|estampes|gravures
BO0624_4513,8,tableaux
BO0624_4554,8,tableaux
BO0624_4671,4,nature morte|tableaux
BO0624_4840,11,portrait|tableaux
BO0624_50014,5,buste|gravures|sculptures|tableaux|tapisserie
BO0624_50063,4,dessin|dessins|estampes|sculptures
BO0624_50064,5,bronze|dessins|estampes|marbre|sculptures
BO0624_50794,49,nature morte|paysage|peinture|portrait
BO0624_51192,112,bronze|bust|marble|panel|relief|sculpture|statuette|tapestry
BO0624_51205,3,bronze|marble|relief
BO0624_5287,6,dessins|gravures|marbre|sculptures|tableaux
BO0624_5444,40,dessins|estampes|sculptures|tableau|tableaux
BO0624_5514,1,aquarelle
BO0624_5670,1,portraits
BO0624_5718,20,estampe|peinture|sculptures|tableaux|tapisserie|terre cuite
BO0624_5725,20,estampe|peinture|sculptures|tableaux|tapisserie|terre cuite
BO0624_5739,16,bust|landscape|marble|panel|picture|portrait
BO0624_5750,9,landscape|panel|picture|portrait|portraits
BO0624_5760,1,bust
BO0624_6334,2,busto|ritratto
BO0624_65729,1,marbre
BO0624_65735,14,dessins|nature morte|paysage|portrait|tapisserie
BO0624_65875,3,dipinti
BO0624_65877,10,tavola
BO0624_66050,2,drawing
BO0624_66052,1,drawing
BO0624_66054,9,drawings|landscape|pictures|portrait
BO0624_66056,4,engravings|paintings|portrait|prints
BO0624_81745,10,marbre|portrait|sculptures|tapisserie|terre cuite
BO0624_81747,16,dessins|sculptures|tableaux|tapisserie|terre cuite
BO0624_81748,23,bronze|marbre|sculpture|sculptures|tableaux|terre cuite
BO0624_81750,1,sculture
BO0624_81752,10,estampes|marbre|portrait|sculpture|sculptures|tableaux|tapisserie|terre cuite
BO0624_81753,5,bronzo|disegni|miniature|stampe
BO0624_81754,3,dessins|gravures|tableaux
BO0624_81755,1,bronze
BO0624_81757,7,aquarelle|landschaft|portrait|zeichnungen
BO0624_81759,2,dipinto|marmo
BO0624_81762,4,paesaggio|ritratto
BO0624_81765,11,bas-relief|bronze|marbre|panneau|portrait|tableau
BO0624_81766,11,bas-relief|bronze|marbre|panneau|portrait|tableau
BO0624_81769,11,dipinto|disegni|ritratto|stampe
BO0624_81770,6,disegni|incisioni|miniature
BO0624_81775,6,incisioni|miniature
BO0624_81776,2,miniature
BO0624_81777,4,dipinti|miniature
BO0624_81778,2,incisioni|miniature
BO0624_81779,3,incisioni|miniature
BO0624_81783,4,incisioni|miniature
BO0624_81784,5,disegni|incisioni|miniature
BO0624_81787,5,incisioni|miniature
BO0624_81788,2,miniature
BO0624_81789,14,disegni|incisioni|miniature
BO0624_81790,6,incisioni|miniature
BO0624_81792,1,sculture
BO0624_81793,8,tableaux
BO0624_81794,3,incisioni|miniature
BO0624_81795,4,incisioni|miniature
BO0624_81796,3,incisioni|miniature
BO0624_81797,2,incisioni
BO0624_81799,13,disegni|miniature|pittura|ritratto|tela
BO0624_81800,12,disegni|miniature|pittura|ritratto|tela
BO0624_81804,4,dipinti|miniature|sculture|tavola
BO0624_81805,2,marbre|sculptures
BO0624_81807,18,bronzo|marmo|miniature|sculture
BO0624_81808,11,arazzo|bronzo|dipinti|marmo
BO0624_81809,1,sculture
BO0624_81812,9,bronzo|marmo|miniature|sculture
BO0624_81813,2,dessins|tableaux
BO0624_81814,5,bronze|dessins|gravures|marbre|tableaux
BO0624_81815,5,miniature
BO0624_81816,2,incisioni|stampe
BO0624_81819,4,dessins|sculptures|tableaux
BO0624_81820,5,estampes|portrait|portraits
BO0624_81821,6,pittura|sculture
BO0624_81823,2,busto|marmo
BO0624_81824,2,aquarelles|tableaux
BO0624_81825,2,marmo|sculture
BO0624_81828,6,bronze|dessins|gravures|marbre|tableaux
BO0624_81829,7,dipinto|miniature|tavola|tela
BO0624_81832,7,stampe
BO0624_81835,6,dipinti|disegni|marmo|miniature|sculture|stampe
BO0624_81836,24,incisioni|miniature|tela
BO0624_81839,10,miniature|tavola
BO0624_81841,1,tavola
BO0624_81853,2,sculptures|tableaux
BO0624_81856,15,disegni|pittura|stampe|tavola
BO0624_81857,1,tableaux
BO0624_81859,2,dipinti
BO0624_81865,1,marmo
BO0624_81866,13,tavola
BO0624_81867,5,opere
BO0624_81869,4,opere
BO0624_81875,6,bronzo|ritratto|tavola
BO0624_81877,2,dipinti
BO0624_81885,2,dipinto|opera
BO0624_81886,6,bronzo|busto|marmo|ritratto|terracotta
BO0624_81889,1,ritratto
BO0624_81890,1,ritratto
BO0624_83278,3,portrait|sculptures|tableaux
BO0624_83618,1,opere
BO0624_83627,6,paysage|portrait|portraits|tableaux
BO0624_83629,9,buste|paysage|portrait
BO0624_83630,1,tableaux
BO0624_83633,7,aquarelles|dessins|peinture|portrait|sculptures|tableaux
BO0624_83634,5,portrait|tableaux
BO0624_83635,4,portrait|sculptures|tableaux
BO0624_83636,7,aquarelles|dessins|gravures|portrait|tableaux
BO0624_83638,1,tableaux
BO0624_83639,2,portrait
BO0624_83642,5,aquarelles|bronze|tableaux|tapisserie
BO0624_83644,3,paysage|portrait|sculptures
BO0624_83645,3,panneau|portrait
BO0624_83646,1,portrait
BO0624_83647,1,tapisserie
BO0624_83649,1,paysage
BO0624_83650,14,aquarelles|dessins|paysage|portrait|sculptures|tableaux
BO0624_83653,1,tableaux
BO0624_83655,4,dessins|gravures|portrait
BO0624_83656,62,aquarelles|buste|dessin|dessins|marbre|panneau|portrait|portraits|tableaux
BO0624_83657,2,dessins|tableaux
BO0624_83658,7,buste|nature morte|portrait|sculptures|tableaux
BO0624_83659,3,gravures|tableaux|tapisserie
BO0624_83660,13,dessins|marbre|portrait|portraits|sculptures|tableaux|terre cuite
BO0624_83662,4,gravures|panneau|tableaux
BO0624_83663,3,aquarelles|dessins|opera
BO0624_83664,9,aquarelles|dessins|oeuvres|portrait|tableaux
BO0624_83666,10,aquarelles|buste|dessins|esquisse|nature morte|portrait|tableaux
BO0624_83667,5,dessins|paysage|portrait
BO0624_83668,2,aquarelles|dessins
BO0624_83669,2,aquarelles|tableaux
BO0624_83675,2,paysage|tableaux
BO0624_83679,5,buste
BO0624_83682,2,portrait|sculptures
BO0624_83686,13,dessins|paysage|portrait|portraits|tableaux
BO0624_83687,5,portrait|sculptures
BO0624_83689,5,aquarelles|dessins|portrait|tapisserie
BO0624_83690,4,dessins|gravures|panneau|tableaux
BO0624_83692,5,dessins|portrait
BO0624_83693,4,paysage|portrait|tableaux
BO0624_83694,1,tableaux
BO0624_83695,16,buste|dessins|gravures|nature morte|paysage|portrait|sculptures
BO0624_83696,6,aquarelles|dessins|sculptures|tableaux
BO0624_83701,58,nature morte|paysage|portrait|portraits
BO0624_83702,6,aquarelles|dessins|portrait|relief|sculptures|tableaux
BO0624_83706,6,nature morte|portrait|tableaux
BO0624_83707,1,tableaux
BO0624_83709,3,paysage|peinture|sculptures
BO0624_83710,3,portrait|sculptures|tableaux
BO0624_83711,5,aquarelles|dessins|gravures|sculptures|tableaux
BO0624_83712,3,nature morte|panneau|tableaux
BO0624_83716,1,sculptures
BO0624_83718,5,bronze|estampes|peintures
BO0624_83720,38,bas-relief|buste|paysage|paysages|portrait|sculptures|tapisserie
BO0624_83723,3,portrait|sculptures
BO0624_83724,20,portrait
BO0624_83726,5,aquarelles|dessins|gravures|nature morte|portrait
BO0624_83727,1,portrait
BO0624_83729,1,paysage
BO0624_83730,3,dessins|sculptures|tableaux
BO0624_83731,7,buste|portrait|tapisserie
BO0624_83734,8,aquarelles|dessins|paysage|portrait|sculptures|tableaux
BO0624_83735,10,aquarelles|portrait|sculptures|tableaux
BO0624_83738,6,portrait|sculptures|tableaux
BO0624_83741,1,tableaux
BO0624_83742,2,aquarelles|tapisserie
BO0624_83743,3,sculptures|tableaux|tapisserie
BO0624_83744,16,portrait|tableaux|tapisserie
BO0624_83745,11,paysage|portrait|portraits
BO0624_83746,50,aquarelles|buste|dessins|portrait|portraits|sculptures|tableaux
BO0624_83748,2,tableau|tableaux
BO0624_83749,9,aquarelles|dessins|gravures|peintures|portrait|sculptures|tapisserie
BO0624_83752,4,dessins|gravures|tableaux|tapisserie
BO0624_83754,6,aquarelles|dessins|gravures|paysage|tableaux
BO0624_83755,40,bas-relief|buste|marbre|panneau|paysage|portrait|portraits|relief|sculptures|tableaux|terre cuite
BO0624_83757,17,dessins|esquisse|portrait
BO0624_83758,8,portrait|portraits|sculptures|tableaux|tapisserie
BO0624_83759,4,gravures|peintures|portrait|sculptures
BO0624_83760,1,gravures
BO0624_83762,3,gravures|portrait|tableaux
BO0624_83764,16,dessins|gravures|paysage|paysages|portrait
BO0624_83766,2,portrait
BO0624_83767,11,portrait|tableaux|tapisserie
BO0624_83768,6,dessins|marbre|sculptures|tableaux|tapisserie|terre cuite
BO0624_83772,2,tableaux
BO0624_83773,11,aquarelles|dessins|nature morte|portrait|tableaux
BO0624_83775,4,gravures|portrait|sculpture|tableaux
BO0624_83776,1,portrait
BO0624_83778,3,aquarelles|dessins|tapisserie
BO0624_83781,2,portrait|tableaux
BO0624_83784,1,tapisserie
BO0624_83785,1,sculptures
BO0624_83786,1,sculptures
BO0624_83791,5,aquarelles|bronze|dessins|sculptures|tapisserie
BO0624_83792,3,aquarelles|dessins|gravures
BO0624_83794,2,dessins|peintures
BO0624_83795,11,portrait
BO0624_83796,2,portrait
BO0624_83798,2,paysage|tableaux
BO0624_83803,2,aquarelles|gravures
BO0624_83806,4,dessins|gravures|portrait|tableaux
BO0624_83809,7,portrait|sculptures|tableaux
BO0624_83810,3,portrait
BO0624_83811,6,aquarelle|portrait|sculptures|tableaux|tapisserie
BO0624_83812,26,paysage|portrait
BO0624_83813,9,marbre|portrait|tableaux
BO0624_83814,1,sculptures
BO0624_83815,1,peintures
BO0624_83816,1,sculptures
BO0624_83818,1,gravures
BO0624_83819,4,gravures|nature morte|sculptures|tableaux
BO0624_83825,2,tableaux
BO0624_83827,4,aquarelles|dessins|peintures|tableaux
BO0624_83828,5,aquarelles|dessins|portrait|tableaux
BO0624_83829,31,aquarelles|buste|dessins|portrait|tableaux
BO0624_83830,14,nature morte|paysage|portrait
BO0624_83832,1,tableaux
BO0624_83835,7,peintures|portrait|sculptures|tableaux
BO0624_83837,1,tableaux
BO0624_83838,10,buste|portrait|portraits|tableaux
BO0624_83840,35,buste|paysage|portrait|tableaux
BO0624_83842,15,paysage|peintures|portrait|sculptures|tableaux
BO0624_83843,2,dessins|portrait
BO0624_83844,4,dessins|gravures|sculptures|tableaux
BO0624_83845,3,aquarelles|gravures|tableaux
BO0624_83846,10,nature morte|paysage|portrait|portraits|tableaux|tapisserie
BO0624_83847,4,aquarelles|dessins|sculptures|tableaux
BO0624_83850,4,aquarelles|dessins|gravures|nature morte
BO0624_83852,2,aquarelles|dessins
BO0624_83853,9,aquarelles|dessins|gravures|nature morte|portrait|tableaux
BO0624_83858,3,portrait|tableaux
BO0624_83863,5,portrait|tableaux
BO0624_83865,1,tableaux
BO0624_83866,3,dessins|portrait|tableaux
BO0624_83868,14,peinture|portrait
BO0624_83873,1,tableaux
BO0624_83875,5,aquarelles|portrait|sculptures|tapisserie
BO0624_83876,2,aquarelles|portrait
BO0624_83877,1,sculptures
BO0624_83880,3,gravures|sculpture|tableaux
BO0624_83881,3,aquarelles|dessins|tableaux
BO0624_83882,3,dessin|estampes|sculptures
BO0624_83883,3,paysage|sculptures|tapisserie
BO0624_83884,2,sculptures|tableaux
BO0624_83885,2,sculptures|tableau
BO0624_83886,30,buste|paysage|portrait|tableaux
BO0624_83887,10,aquarelles|dessin|dessins|gravures|marbre|portrait|tableaux|tapisserie
BO0624_83888,1,sculptures
BO0624_83889,26,aquarelles|dessin|dessins|estampes|portrait|sculptures|tableaux
BO0624_83890,110,buste|esquisse|paysage|portrait|portraits
BO0624_83894,9,aquarelles|dessins|nature morte|paysage|tableaux|tapisserie
BO0624_83895,52,paysage|portrait
BO0624_83896,6,aquarelles|dessins|sculptures|tableaux|tapisserie
BO0624_83898,20,tapisserie
BO0624_83900,3,sculptures|tableaux|tapisserie
BO0624_83901,4,bronze|sculptures|tableaux|tapisserie
BO0624_83902,3,portrait|portraits
BO0624_83904,4,portrait|sculptures|tapisserie
BO0624_83905,5,dessins|estampes|gravures|sculptures|tableaux
BO0624_83907,11,buste|dessins|estampes|portrait|sculptures|tableaux
BO0624_83909,7,aquarelles|bronze|marbre|portrait|sculptures|tableaux
BO0624_83912,10,dessins|portrait|tableaux
BO0624_83913,4,dessins|esquisse|paysage
BO0624_83915,3,dessins|sculptures|tableau
BO0624_83916,3,aquarelles|portrait|tableaux
BO0624_83917,4,dessins|gravures|paysage|sculptures
BO0624_83918,23,paysage|portrait|portraits
BO0624_83919,2,dessins|gravures
BO0624_83924,2,aquarelles|dessins
BO0624_83928,17,aquarelles|dessins|esquisse|gravure|lithographie|paysage|portrait|tableaux
BO0624_83929,3,marbre|sculptures|tableaux
BO0624_83930,27,paysage|paysages|portrait|portraits
BO0624_83932,1,terre cuite
BO0624_83933,3,portrait
BO0624_83935,10,aquarelles|buste|dessins|portrait|tableaux
BO0624_83936,8,aquarelles|dessins|paysage|portrait|tableaux|tapisserie
BO0624_83938,4,aquarelles|portrait|sculptures|tableaux
BO0624_83940,2,aquarelles|dessins
BO0624_83943,7,dessins|portrait|sculptures|tableaux
BO0624_83945,5,aquarelles|dessins|portrait|sculptures|tableaux
BO0624_83946,10,aquarelles|dessins|esquisse|gravures|paysage|tableaux
BO0624_83947,4,portrait
BO0624_83949,4,portrait|portraits|sculptures|tableaux
BO0624_83952,1,bronze
BO0624_83954,8,portrait|sculptures|tableaux
BO0624_83957,2,peintures|sculptures
BO0624_83959,1,tableaux
BO0624_83963,4,aquarelles|dessins|gravures|tableaux
BO0624_83964,30,aquarelles|buste|dessins|nature morte|paysage|portrait
BO0624_83966,19,aquarelles|buste|dessins|portrait|sculpture|sculptures|tapisserie
BO0624_83970,8,portrait|tableau|tableaux
BO0624_83971,13,buste|gravures|portrait|portraits|sculptures|tableaux
BO0624_83972,3,portrait
BO0624_83973,2,gravures|tableaux
BO0624_83974,1,portrait
BO0624_83975,7,dessins|paysage|portrait
BO0624_83976,2,sculptures|tapisserie
BO0624_83977,27,buste|nature morte|portrait
BO0624_83978,2,paysage|portrait
BO0624_83979,4,portrait
BO0624_83980,1,sculptures
BO0624_83981,5,portrait
BO0624_83982,54,bronze|dessins|estampes|nature morte|opera|portrait|portraits|sculptures|tableau|tableaux
BO0624_83983,8,buste|portrait
BO0624_83984,5,portrait|tableaux|tapisserie
BO0624_83988,18,portrait|sculptures|tableaux
BO0624_83992,5,sculptures|tableaux|tapisserie|terre cuite
BO0624_83995,3,buste|paysage|portrait
BO0624_83997,6,estampes|marbre|sculptures|tableaux|tapisserie|terre cuite
BO0624_83998,5,portrait|tableaux
BO0624_84001,9,bronze|dessin|nature morte|portrait|sculptures|terre cuite
BO0624_84004,2,sculptures|tapisserie
BO0624_84005,6,aquarelles|paysage|portrait|sculptures|tableaux|tapisserie
BO0624_84009,3,portrait|tableaux
BO0624_84012,1,sculptures
BO0624_84013,7,bronze|dessins|sculptures|tableaux|tapisserie|terre cuite
BO0624_84015,23,buste|paysage|portrait|sculptures|tableaux
BO0624_84019,1,bronze
BO0624_84020,6,portrait|portraits|tableaux
BO0624_84022,1,tableaux
BO0624_84024,4,portrait|tableaux
BO0624_84025,7,aquarelle|dessins|gouache|paysage|sculptures|tableaux|tapisserie
BO0624_84028,2,paysage|sculptures
BO0624_84029,2,sculptures|tableaux
BO0624_84035,1,tableaux
BO0624_84036,1,tableaux
BO0624_84040,3,gravures|marbre|tapisserie
BO0624_84045,9,marbre|portrait|sculptures|tableaux|tapisserie
BO0624_84046,1,sculptures
BO0624_84049,4,aquarelles|dessins|sculptures|tableaux
BO0624_84051,5,bronze|marbre|sculptures|tableaux|tapisserie
BO0624_84052,2,portrait|sculptures
BO0624_84053,1,miniature
BO0624_84055,4,portrait|tableaux
BO0624_84056,1,tableaux
BO0624_84058,45,aquarelles|dessins|opera|portrait|sculptures
BO0624_84059,2,dessins|tableaux
BO0624_84062,14,buste|portrait|portraits
BO0624_84063,14,buste|portrait|portraits
BO0624_84066,6,bronze|marbre|miniature|sculpture|sculptures|tapisserie
BO0624_84067,1,tableaux
BO0624_84068,5,aquarelles|dessins|gravures|tableaux|tapisserie
BO0624_84069,2,portrait
BO0624_84070,9,aquarelles|dessins|estampes|portrait|sculptures|tableaux|tapisserie
BO0624_84071,4,aquarelles|dessins|gravures|sculptures
BO0624_84072,1,tableaux
BO0624_84075,3,aquarelles|dessins|sculptures
BO0624_84078,1,sculptures
BO0624_84081,2,sculptures|tableaux
BO0624_84082,13,aquarelles|buste|dessin|dessins|portrait
BO0624_84083,9,aquarelles|bronze|dessins|marbre|portrait|sculptures|tableaux|tapisserie|terre cuite
BO0624_84084,3,panneau|portrait|tableaux
BO0624_84085,1,tableaux
BO0624_84086,1,tableaux
BO0624_84087,6,bronze|dessins|gravures|marbre|tapisserie|terre cuite
BO0624_84089,10,paysage|portrait
BO0624_84092,2,gravures|tableaux
BO0624_84094,28,aquarelles|gouache|nature morte|portrait|sculpture|tableaux
BO0624_84096,1,gouache
BO0624_84097,4,dessins|portrait|tableaux|tapisserie
BO0624_84098,2,dessin|tableau
BO0624_84099,3,dessins|paysage|tableaux
BO0624_84100,10,portrait|tableaux|tapisserie
BO0624_84101,1,sculptures
BO0624_84102,6,aquarelles|gravures|paysage|portrait
BO0624_84104,5,peintures|portrait|sculptures|tableaux
BO0624_84106,1,portrait
BO0624_84107,9,aquarelles|dessins|portrait|sculptures|tableaux|tapisserie
BO0624_84108,4,bronze|marbre|sculptures
BO0624_84109,39,dessins|paysage|portrait|portraits|tableaux
BO0624_84110,2,sculptures|tableaux
BO0624_84111,2,portrait
BO0624_84113,1,sculptures
BO0624_84115,22,buste|esquisse|paysage|portrait
BO0624_84116,34,buste|opera|paysage|portrait|statuette|tableaux
BO0624_84118,1,tableaux
BO0624_84119,4,bronze|marbre|nature morte
BO0624_84120,3,portrait
BO0624_84122,2,sculptures|tableaux
BO0624_84124,2,portrait|tableaux
BO0624_84125,6,aquarelles|dessins|sculptures|tableaux|tapisserie
BO0624_84126,8,aquarelles|dessins|gravures|miniature|portrait|sculptures|tableaux
BO0624_84127,12,buste|portrait|sculptures|tableaux|tapisserie
BO0624_84128,1,terre cuite
BO0624_84131,2,portrait|tapisserie
BO0624_84132,39,buste|dessin|paysage|paysages|portrait|portraits
BO0624_84133,1,tableaux
BO0624_84135,3,buste|portrait|sculptures
BO0624_84136,3,gravures|tableaux|tapisserie
BO0624_84138,3,portrait|sculptures|tableaux
BO0624_84139,9,dessin|portrait|portraits|sculptures|tableaux
BO0624_84140,5,aquarelles|dessins|estampes
BO0624_84141,14,aquarelles|dessins|esquisse|estampes|gravures|nature morte|paysage|portrait|tableaux
BO0624_84142,4,dessins|portrait|sculptures|tableaux
BO0624_84143,1,tapisserie
BO0624_84145,13,marbre|portrait|sculptures|tapisserie|terre cuite
BO0624_84146,23,buste|portrait|sculptures|tableaux
BO0624_84148,2,tableaux
BO0624_84149,5,portrait|sculptures|tableaux|tapisserie
BO0624_84152,1,sculptures
BO0624_84153,9,buste|paysage|portrait
BO0624_84156,93,buste|dessins|paysage|portrait|sculptures
BO0624_84157,13,buste|paysage|portrait
BO0624_84159,23,marbre|portrait
BO0624_84160,1,tableaux
BO0624_84162,4,dessins|sculptures|tableaux|tapisserie
BO0624_84164,1,tapisserie
BO0624_84165,1,sculptures
BO0624_84168,39,buste|dessins|marbre|paysage|portrait|sculpture|sculptures|tableau|tableaux
BO0624_84170,32,dessins|paysage|portrait|sculpture|sculptures|tableau|tableaux
BO0624_84172,10,aquarelle|buste|dessin|estampes|gravures|sculptures|tableaux
BO0624_84174,6,bronze|marbre|sculptures|tapisserie|terre cuite
BO0624_84176,15,portrait|sculptures
BO0624_84177,8,aquarelles|dessins|paysage|portrait|tableaux
BO0624_84178,2,paysage|portrait
BO0624_84181,1,sculptures
BO0624_84182,3,dessins|gravures|tableaux
BO0624_84184,2,sculpture|tableaux
BO0624_84185,8,bronze|marbre|paysage|portrait|sculptures|tableaux
BO0624_84186,10,aquarelles|dessins|gravures|paysage|portrait|tableaux|tapisserie
BO0624_84187,3,dessins|portrait|tableaux
BO0624_84189,40,aquarelles|buste|dessins|marbre|miniature|nature morte|paysage|peinture|peintures|portrait
BO0624_84191,11,aquarelles|buste|dessins|gravures|portrait|tableaux
BO0624_84194,12,aquarelles|buste|dessins|portrait|sculptures|tableaux
BO0624_84195,8,aquarelles|dessins|gouache|gravures|portrait|tableaux
BO0624_84196,1,tableaux
BO0624_84198,12,panneau|paysage|peintures|portrait|sculptures|tableaux
BO0624_84199,4,aquarelles|dessins|portrait|tableaux
BO0624_84201,7,portrait|tableaux|tapisserie
BO0624_84203,24,aquarelles|buste|dessins|paysage|peintures|portrait|sculptures|statuette
BO0624_84205,5,aquarelle|dessins|sculpture|tableaux
BO0624_84206,1,tableaux
BO0624_84207,10,aquarelles|bronze|dessins|marbre|portrait|sculptures|tableaux|tapisserie|terre cuite
BO0624_84209,4,dessins|estampes|gravures|tableaux
BO0624_84210,3,buste|tableaux
BO0624_84213,8,portrait
BO0624_84214,8,aquarelles|buste|dessins|portrait|sculptures
BO0624_84215,32,bas-relief|buste|dessins|paysages|portrait|relief|sculpture|sculptures|tapisserie
BO0624_84216,52,aquarelles|buste|dessins|gravure|paysage|portrait|portraits|tableaux
BO0624_84217,7,portrait|tableaux|terre cuite
BO0624_84219,1,sculptures
BO0624_84220,3,portrait|tableaux|tapisserie
BO0624_84222,2,sculptures|tableaux
BO0624_84223,7,portrait|sculptures
BO0624_84224,9,aquarelles|dessin|dessins|portrait|sculptures|tapisserie
BO0624_84225,7,aquarelles|dessins|paysage|portrait
BO0624_84226,7,gouache|paysage|portrait|tableaux|tapisserie
BO0624_84228,7,bronze|dessins|gravures|marbre|sculptures|statuette|tableaux
BO0624_84229,13,aquarelles|bronze|dessins|gravures|paysage|peintures|portrait|portraits|sculptures|terre cuite
BO0624_84230,45,aquarelles|bronze|buste|dessins|marbre|paysage|peinture|portrait|portraits|sculptures|tapisserie
BO0624_84231,12,buste|portrait|sculptures|tableaux
BO0624_84233,17,paysage|portrait|portraits
BO0624_84234,4,gouache|paysage|sculptures|tableaux
BO0624_84235,24,buste|dessins|portrait|tableaux|tapisserie
BO0624_84237,17,bronze|dessins|nature morte|paysages|portrait|sculptures|tableaux|tapisserie
BO0624_84238,7,aquarelles|dessins|portrait|sculptures|tableaux|tapisserie
BO0624_84239,4,aquarelles|dessins|sculptures|tableaux
BO0624_84240,13,dessins|portrait|portraits|sculptures|tableaux
BO0624_84241,3,gravures|peintures|sculptures
BO0624_84243,7,dessins|portrait|sculptures|tableaux
BO0624_84244,3,aquarelles|dessins|peintures
BO0624_84247,3,portrait|sculptures|tableaux
BO0624_84248,47,dessins|estampes|gravures|portrait|portraits
BO0624_84249,1,sculptures
BO0624_84250,2,sculptures|tableaux
BO0624_84251,17,aquarelles|buste|dessins|nature morte|paysage|portrait|sculptures|tableaux
BO0624_84253,2,dessin|sculptures
BO0624_84255,2,sculptures|tableaux
BO0624_84256,20,buste|portrait|sculptures|tableaux
BO0624_84257,35,aquarelles|buste|dessins|esquisse|paysage|portrait|sculptures|tableaux|tapisserie
BO0624_84258,7,portrait|portraits
BO0624_84260,27,aquarelles|bronze|buste|dessins|paysage|peintures|portrait|portraits|sculptures|statuette|tableau|tapisserie
BO0624_84261,4,aquarelle|gravures|sculptures|tableaux
BO0624_84262,7,buste|dessins|gravures|portrait|sculpture|tableau|tableaux
BO0624_84263,1,sculptures
BO0624_84265,19,buste|paysage|portrait|sculptures|tableaux
BO0624_84267,18,portrait|sculptures|tableaux|tapisserie
BO0624_84268,2,tableaux
BO0624_84272,5,dessins|portrait|sculptures|tableaux
BO0624_84273,20,bronze|marbre|sculptures|statuette|tapisserie|terre cuite
BO0624_84274,12,aquarelle|dessin|paysage|portrait|sculptures|tableaux
BO0624_84275,25,bas-relief|bronze|buste|marbre|sculptures|statuette|tapisserie|terre cuite
BO0624_84276,25,buste|paysages|portrait|tableaux
BO0624_84279,25,bronze|buste|paysage|portrait|statuette
BO0624_84281,29,aquarelles|buste|dessins|paysage|portrait|portraits|sculpture|tableaux|tapisserie
BO0624_84288,34,nature morte|panneau|paysage|portrait
BO0624_84289,12,aquarelles|bronze|buste|dessins|portrait|sculptures|tableaux|tapisserie
BO0624_84290,7,portrait|tableaux
BO0624_84292,3,dessin|sculptures|tableaux
BO0624_84295,2,paysage|sculptures
BO0624_84296,6,bronze|dessin|portrait
BO0624_84298,3,dessins|sculptures|tableaux
BO0624_84299,15,bronze|marbre|paysage|portrait|sculptures|tableaux|terre cuite
BO0624_84301,10,aquarelles|buste|dessins|peinture|portrait|tableaux
BO0624_84302,10,panneau|paysage|sculptures|tableaux|tapisserie
BO0624_84305,19,aquarelles|bronze|buste|dessins|marbre|opera|portrait|sculptures|tableau|tableaux|tapisserie|terre cuite
BO0624_84306,15,dessins|portrait|tableaux
BO0624_84308,3,bronze|sculptures|tableaux
BO0624_84310,9,bronze|gravures|portrait|sculptures|tableaux|tapisserie
BO0624_84312,8,portrait|sculptures|tapisserie
BO0624_84313,8,aquarelles|dessins|paysage|paysages|peintures|portrait|sculptures|terre cuite
BO0624_84315,3,estampe|estampes|sculptures
BO0624_84316,1,sculptures
BO0624_84320,24,bronze|buste|marbre|paysage|portrait|sculptures|tableaux|tapisserie
BO0624_84322,1,tableaux
BO0624_84323,8,aquarelles|bronze|gravures|relief|sculptures|tableaux|tapisserie
BO0624_84324,2,portrait
BO0624_84326,6,dessin|portraits|sculptures|tableaux|tapisserie
BO0624_84327,10,dessin|portrait|tableaux
BO0624_84329,14,dessins|nature morte|paysage|portrait|sculptures|tableaux|tapisserie
BO0624_84330,6,dessin|paysage|portrait|tableau|tableaux
BO0624_84331,2,dessins|portrait
BO0624_84332,8,paysage|portrait|sculptures|tableaux
BO0624_84333,7,portrait|sculptures|tableaux
BO0624_84334,1,tapisserie
BO0624_84335,9,aquarelles|bronze|dessins|portrait|sculptures|tableaux|tapisserie
BO0624_84336,12,portrait
BO0624_84337,4,gravure|portrait|sculptures
BO0624_87361,2,gemalde|skulpturen
BO0624_87365,2,bronze|gemalde
BO0624_87366,10,bronze|gemalde|landschaft|portrait
BO0624_87371,9,gemalde|gemälde|portrait
BO0624_87374,2,gemalde|tafel
BO0624_87375,26,gemalde|landschaft|malerei|portrait|skizze
BO0624_87378,2,bronze|tableaux
BO0624_87380,8,bild|landschaft|stilleben
BO0624_87381,2,bronze|tafel
BO0624_87382,2,bronze|tafel
BO0624_87384,10,bronze|gemalde|landschaft|portrait
BO0624_87385,8,bronze|gemalde|landschaft|portrait
BO0624_87386,2,bronze|malerei
BO0624_87389,4,bilder|bronze|malerei|miniatur
BO0624_87390,24,bronze|gemalde|landschaft|portrait
BO0624_87393,1,gemalde
BO0624_87394,3,landschaft
BO0624_87396,4,bronze|gemalde|malerei|zeichnungen
BO0624_87400,21,landschaft|landschaften|miniatur|portrait|skizze
BO0624_87401,15,bild|landschaft|portrait
BO0624_87403,15,landschaft|portrait|stilleben
BO0624_87404,13,landschaft|malerei
BO0624_87405,7,bild|landschaft|lithographie|portrait|zeichnungen
BO0624_87406,3,bronze|gemalde|malerei
BO0624_87407,52,bronze|gemalde|landschaft|malerei|tafel
BO0624_87408,4,landschaft
BO0624_87410,15,landschaft|portrait|stilleben
BO0624_87411,5,bronze|gemalde|landschaft
BO0624_87412,13,landschaft|portrait|stilleben
BO0624_87414,16,landschaft
BO0624_87415,4,bronze|gemalde|portraits
BO0624_87418,3,gemalde|gouache|zeichnungen
BO0624_87419,7,aquarelle|landschaft|portrat
BO0624_87420,1,gemalde
BO0624_87421,6,bild|bilder
BO0624_87427,7,aquarelle|bronze|gemalde|landschaft
BO0624_87438,31,bild|landschaft|malerei|miniatur|portrait|tempera
BO0624_87440,6,bild|landschaft|skizzen
BO0624_87451,2,bronze|gemalde
BO0624_87453,9,bilder|bronze|landschaft|landschaften|portraits|skizzen
BO0624_87456,2,bronze|malerei
BO0624_87457,2,gemalde
BO0624_87460,39,landschaft|miniatur|portrait|portraits
BO0624_87462,3,bronze|gemalde|malerei
BO0624_87465,1,bronze
BO0624_87466,1,portraits
BO0624_87467,1,bronze
BO0624_87472,2,aquarelle|gemalde
BO0624_87473,1,bild
BO0624_87479,1,stiche
BO0624_87482,4,bronze|terracotta
BO0624_87483,5,landschaft|marmor
BO0624_87485,3,aquarelle|malerei|portraits
BO0624_87487,5,aquarelle|bilder|gemalde|landschaft
BO0624_87491,3,bild|landschaft
BO0624_87492,1,gemalde
BO0624_87493,29,landschaft|landschaften|stilleben
BO0624_87495,8,bild|gemalde|landschaft
BO0624_87496,4,aquarelle|bronze|skizze
BO0624_87499,3,aquarell|aquarelle|malerei
BO0624_87500,1,gemalde
BO0624_87501,37,aquarelle|buste|landschaft|portrait|relief
BO0624_87502,1,bild
BO0624_87503,1,portraits
BO0624_87505,1,aquarelle
BO0624_87508,10,bild|landschaft
BO0624_87512,2,aquarelle|gemalde
BO0624_87513,2,landschaft|landschaften
BO0624_87514,1,bronze
BO0624_87521,6,aquarelle|bild|gemalde|landschaft|portraits
BO0624_87522,1,aquarelle
BO0624_87530,6,landschaft|landschaften
BO0624_87531,2,aquarelle|gemalde
BO0624_87533,2,marmor|stiche
BO0624_87540,1,bronze
BO0624_87544,1,bronze
BO0624_87545,2,bronze
BO0624_87546,1,portrat
BO0624_87550,19,landschaft|malerei|portrait|portraits
BO0624_87555,3,aquarelle|gemalde|zeichnungen
BO0624_87561,4,landschaft|portrait
BO0624_87562,2,bilder|bronze
BO0624_87564,1,bronze
BO0624_87566,8,landschaft
BO0624_87568,1,gemalde
BO0624_87576,8,landschaft|portrait
BO0624_87579,2,aquarelle|zeichnungen
BO0624_87581,6,landschaft
BO0624_87582,1,aquarelle
BO0624_87583,1,aquarelle
BO0624_87584,21,bilder|gemalde|gouache|landschaft|portrat
BO0624_87589,4,aquarelle|bronze|stiche|zeichnungen
BO0624_87590,1,gemalde
BO0624_87595,3,aquarelle|bronze|gemalde
BO0624_87605,1,bronze
BO0624_87606,1,bild
BO0624_87608,1,landschaft
BO0624_87614,5,aquarell|landschaft
BO0624_87622,3,bilder|miniature|portrait
BO0624_87625,9,bild|landschaft|portrait
BO0624_87630,2,gemalde|zeichnungen
BO0624_87648,1,bild
BO0624_87650,2,bronze|zeichnungen
BO0624_87653,1,stiche
BO0624_87654,3,landschaft|tafel
BO0624_87663,2,gemalde|stiche
BO0624_87664,4,aquarelle|bild|gemalde|kupferstich
BO0624_87665,1,zeichnungen
BO0624_87666,13,bilder|gemalde|landschaft|skizze|stilleben
BO0624_87669,3,gemalde|kupferstich|portrait
BO0624_87670,10,gemalde|landschaft|portrait
BO0624_87671,44,bild|bilder|gemalde|landschaft|portrait
BO0624_87672,2,bild|zeichnungen
BO0624_87673,1,gemalde
BO0624_87675,20,landschaft|portrat|skizze|stilleben|tafel|zeichnungen
BO0624_87677,11,bild|gemalde|landschaft|landschaften|lithographie|portrait
BO0624_87679,2,landschaft
BO0624_87681,2,gemalde
BO0624_87683,6,aquarelle|bild|gemalde|landschaft
BO0624_87685,9,landschaft|portrait|portrat
BO0624_87686,40,bild|gemalde|landschaft|landschaften|portrait|stilleben
BO0624_87688,1,bild
BO0624_87689,10,landschaft|stilleben
BO0624_87692,2,landschaft|portrait
BO0624_87693,4,gemalde|landschaft
BO0624_87697,1,bronze
BO0624_87702,58,dessins|nature morte|paysage|paysages|portrait|portraits|tableau|tableaux
BO0624_87703,14,gemalde|landschaft|portrat|stilleben
BO0624_87704,1,gemalde
BO0624_87706,20,landschaft|portrat|stilleben
BO0624_87708,6,aquarelle|gemalde|zeichnungen
BO0624_87709,2,aquarelle|gemalde
BO0624_87716,1,aquarelle
BO0624_87717,5,bild|gemalde|landschaft
BO0624_87718,2,aquarelle|zeichnungen
BO0624_87719,1,gemalde
BO0624_87721,3,aquarelle|landschaft
BO0624_87723,1,landschaft
BO0624_87726,29,bild|landschaft|portrait|stilleben
BO0624_87727,1,gemalde
BO0624_87728,20,aquarelle|landschaft|portrat
BO0624_87729,3,bronze|marmor|terracotta
BO0624_87730,2,aquarelle|gemalde
BO0624_87733,1,portrat
BO0624_87737,6,aquarelle|bild|bronze|gemalde|marmor|stiche
BO0624_87741,1,gemalde
BO0624_87742,3,aquarelle|bronze|marmor
BO0624_87743,3,aquarelle|landschaft|zeichnungen
BO0624_87746,18,landschaft|portrait|stilleben
BO0624_87747,2,aquarelle|gemalde
BO0624_87748,33,landschaft|landschaften|portrat|stilleben
BO0624_87751,2,gemalde
BO0624_87752,1,aquarelle
BO0624_87753,1,aquarell
BO0624_87755,4,aquarelle|gemalde|gouache|zeichnungen
BO0624_87759,5,aquarelle|bilder|bronze|gemalde|stiche
BO0624_87762,3,gemalde|lithographie|zeichnungen
BO0624_87763,4,gravures|peintures|tableaux
BO0624_87765,3,aquarelle|gemalde|lithographie
BO0624_87766,4,landschaft|portrait|stilleben|tafel
BO0624_87769,2,gemalde
BO0624_87771,7,landschaft|portrat|stilleben
BO0624_87772,1,zeichnungen
BO0624_87773,4,bronze|gemalde|marmor
BO0624_87774,13,aquarelle|gemalde|landschaft|stilleben
BO0624_87776,10,landschaft|portrat|stilleben
BO0624_87777,14,aquarelle|gemalde|landschaft|portrait|portrat
BO0624_87779,1,landschaft
BO0624_87781,1,miniature
BO0624_87784,2,gemalde|landschaft
BO0624_87788,3,landschaften|stiche|zeichnungen
BO0624_87790,9,aquarelle|gemalde|gouache|landschaft
BO0624_87791,1,landschaft
BO0624_87793,1,stiche
BO0624_87795,2,gemalde|landschaft
BO0624_87796,19,landschaft|portrat|stilleben
BO0624_87800,3,gemalde|stiche|zeichnungen
BO0624_87802,2,landschaften|lithographie
BO0624_87804,1,landschaft
BO0624_87805,7,landschaft
BO0624_87807,2,aquarelle|gemalde
BO0624_87814,1,kupferstich
BO0624_87815,10,bronze|buste|malerei|relief
BO0624_87816,1,miniature
BO0624_87819,1,landschaft
BO0624_87822,2,aquarelle|zeichnungen
BO0624_87823,6,gemalde|landschaft|portrat
BO0624_87825,2,landschaft|portrat
BO0624_87826,9,bild|landschaft|stilleben
BO0624_87835,4,gemalde|landschaft
BO0624_87837,1,landschaft
BO0624_87840,1,kupferstich
BO0624_87841,1,aquarelle
BO0624_87844,1,landschaft
BO0624_87845,1,gemalde
BO0624_87847,3,aquarelle|gemalde|zeichnungen
BO0624_87848,8,landschaft|portrat
BO0624_87852,1,gemalde
BO0624_87855,16,gemalde|landschaft|portrat
BO0624_87856,2,aquarelle|bronze
BO0624_87857,5,aquarelle|bronze|gemalde|stiche|zeichnungen
BO0624_87860,25,landschaft|portrat|stilleben
BO0624_87862,1,gemalde
BO0624_87863,2,aquarelle|zeichnungen
BO0624_87865,3,bronze|gemalde|marmor
BO0624_87866,2,aquarelle|gemalde
BO0624_87868,1,gemalde
BO0624_87877,26,landschaft|malerei|portrat|stilleben
BO0624_87879,2,gemalde
BO0624_87882,6,aquarelle|bronze|gemalde|marmor|stiche|zeichnungen
BO0624_87886,3,aquarelle|landschaft
BO0624_87887,1,bronze
BO0624_87889,18,landschaft|stilleben
BO0624_87891,7,aquarelle|landschaft|stilleben|zeichnungen
BO0624_87894,3,aquarelle|landschaft|zeichnungen
BO0624_87896,1,gemalde
BO0624_87904,1,gemalde
BO0624_87907,2,aquarelle
BO0624_87908,3,bilder|gemalde|landschaft
BO0624_87909,15,bild|landschaft|portrat|stilleben
BO0624_87912,1,bronze
BO0624_87917,4,landschaft
BO0624_87919,2,gemalde|zeichnungen
BO0624_87921,1,gemalde
BO0624_87925,4,landschaft|tafel
BO0624_87928,1,bild
BO0624_87929,2,gemalde|landschaft
BO0624_87931,6,aquarelle|landschaft
BO0624_87932,2,gemalde
BO0624_87933,2,aquarelle|gemalde
BO0624_87939,2,aquarelle|gemalde
BO0624_87943,1,gemalde
BO0624_87945,1,stiche
BO0624_87946,34,bild|buste|landschaft|portrat|stilleben|tafel
BO0624_87948,1,gemalde
BO0624_87950,1,gemalde
BO0624_87963,2,portrat
BO0624_87965,3,aquarelle|landschaft|zeichnungen
BO0624_87967,1,gemalde
BO0624_87968,2,aquarelle|zeichnungen
BO0624_87969,1,lithographie
BO0624_87972,1,landschaft
BO0624_87974,2,gemalde
BO0624_87976,1,landschaft
BO0624_87978,2,landschaft|skizze
BO0624_87979,26,aquarelle|gemalde|landschaft|stilleben
BO0624_87983,18,landschaft|portrat|stilleben
BO0624_87985,1,gemalde
BO0624_87987,1,lithographie
BO0624_87988,8,landschaft|stilleben
BO0624_87991,2,stilleben|tafel
BO0624_87993,3,landschaft|stilleben
BO0624_87998,1,aquarelle
BO0624_87999,13,aquarelle|bronze|gemalde|landschaft|stilleben
BO0624_88000,1,stilleben
BO0624_88001,1,gemälde
BO0624_88008,11,aquarelle|landschaft|paysage|portrait|stilleben
BO0624_88012,6,landschaft
BO0624_88016,3,bronze|gemalde
BO0624_88018,35,bild|bronze|buste|landschaft|malerei|miniatur|portrat|skizze|stilleben
BO0624_88019,4,landschaft|zeichnungen
BO0624_88020,2,landschaft|stilleben
BO0624_88024,3,gemalde|stiche|zeichnungen
BO0624_88026,5,aquarelle|bilder|portraits|zeichnungen
BO0624_88031,14,landschaft
BO0624_88032,5,aquarelle|gemalde|stiche|zeichnungen
BO0624_88033,5,aquarelle|gemalde|stiche
BO0624_88034,1,gemalde
BO0624_88035,9,landschaft
BO0624_88048,3,bronze|gemalde|tafel
BO0624_88050,1,skulpturen
BO0624_88055,4,landschaft
BO0624_88058,6,bilder|bronze|marmor|stiche
BO0624_88061,3,bronze|gemalde|stiche
BO0624_88063,1,aquarelle
BO0624_88064,10,gemalde|landschaft|stilleben
BO0624_88067,7,aquarelle|bronze|gemalde|zeichnungen
BO0624_88068,14,landschaft|stilleben
BO0624_88070,4,bronze|gemalde|relief|skulpturen
BO0624_88074,3,gemalde
BO0624_88075,2,gemalde
BO0624_88081,2,gemalde|stiche
BO0624_88082,2,aquarelle|gemalde
BO0624_88087,3,aquarelle|gouache|radierung
BO0624_88088,3,aquarelle|stiche|zeichnungen
BO0624_88090,4,bronze|gemalde|marmor|stiche
BO0624_88092,3,bronze|gemalde|tafel
BO0624_88093,11,bild|landschaft|stilleben
BO0624_88094,3,gemalde|stiche
BO0624_88096,2,gemalde|stiche
BO0624_88097,1,gemalde
BO0624_88098,1,bronze
BO0624_88099,1,aquarell
BO0624_88100,15,landschaft|stilleben
BO0624_88102,1,gemalde
BO0624_88104,1,aquarelle
BO0624_88105,2,gemalde|zeichnungen
BO0624_88106,2,gemalde|stiche
BO0624_88107,4,gemalde|landschaft
BO0624_88108,2,gemalde
BO0624_88110,2,stilleben
BO0624_88112,4,gemalde
BO0624_88114,3,bronze|gemalde|tafel
BO0624_88116,1,gemalde
BO0624_88125,1,gemalde
BO0624_88126,1,landschaft
BO0624_88127,13,aquarelle|bronze|gemalde|landschaft|stiche|zeichnungen
BO0624_88128,4,aquarelle|bilder|zeichnungen
BO0624_88129,1,bronze
BO0624_88132,2,gemalde
BO0624_88136,4,gemalde
BO0624_88137,3,aquarelle|gemalde|stiche
BO0624_88140,1,bronze
BO0624_88141,3,aquarelle|bronze|marmor
BO0624_88142,15,aquarelle|gemalde|landschaften|stich|stiche|zeichnungen
BO0624_88144,2,estampes|portraits
BO0624_88147,3,gemalde|skulpturen
BO0624_88148,122,bild|bilder|bronze|gemalde|kupferstich|lithographie|miniatur|stiche
BO0624_88149,12,aquarelle|bild|landschaft|landschaften|miniatur|skizze
BO0624_88153,9,landschaft
BO0624_88156,3,aquarelle|gemalde|zeichnungen
BO0624_88159,1,gemalde
BO0624_88163,1,landschaft
BO0624_88165,1,aquarelle
BO0624_88167,29,bild|bilder|gemalde|landschaften|miniatur|portrat|statuette|stiche|zeichnungen
BO0624_88170,21,landschaft|stilleben|tafel
BO0624_88173,3,bronze|gemalde|kunstwerke
BO0624_88174,7,bronze|gemalde|miniatur
BO0624_88177,4,bronze|gemalde
BO0624_88179,4,gemalde|zeichnungen
BO0624_88180,3,aquarelle|gemalde|zeichnungen
BO0624_88181,1,gemalde
BO0624_88182,2,gemalde|landschaft
BO0624_88187,1,stiche
BO0624_88194,25,gemalde|landschaft|miniatur|miniature|relief|stilleben
BO0624_88197,6,gemalde
BO0624_88198,2,bronze|gemalde
BO0624_88207,4,kupferstich|stilleben|tafel
BO0624_88209,6,busto|gemalde|landschaften
BO0624_88211,1,bild
BO0624_88216,7,aquarelle|gouache|malerei|portrait|tafel
BO0624_88217,16,aquarelle|gemalde|landschaft|stiche|stilleben|zeichnungen
BO0624_88219,10,aquarelle|skizzen|stiche|zeichnungen
BO0624_88220,3,aquarelle|gemalde
BO0624_88223,1,bronze
BO0624_88224,2,stiche
BO0624_88225,3,aquarelle|gemalde
BO0624_88226,4,aquarelle|lithographie|radierung|zeichnungen
BO0624_88228,1,zeichnungen
BO0624_88230,2,aquarelle|zeichnungen
BO0624_88231,4,aquarelle|gemalde
BO0624_88232,1,radierung
BO0624_88233,6,aquarelle|bronze|gemalde|marmor
BO0624_88234,1,landschaft
BO0624_88235,3,aquarelle|bronze
BO0624_88237,7,gemalde|landschaft|marmor|skizze|skulpturen|tempera
BO0624_88241,2,aquarelle|portraits
BO0624_88246,2,gemalde|stilleben
BO0624_88247,4,aquarelle|gemalde|marmor
BO0624_88248,1,zeichnungen
BO0624_88249,1,relief
BO0624_88250,3,bronze|buste|tafel
BO0624_88251,4,bilder|bronze|marmor|stiche
BO0624_88253,1,aquarelle
BO0624_88256,4,aquarelle|gemalde
BO0624_88257,3,tafel
BO0624_88258,1,bronze
BO0624_88259,1,aquarelle
BO0624_88261,10,aquarell|aquarelle|bilder|stiche|zeichnungen
BO0624_88264,14,aquarelle|bild|landschaft|zeichnungen
BO0624_88265,3,bronze|gemalde|stiche
BO0624_88266,16,bronze|gemalde|stiche|tafel
BO0624_88268,13,landschaft|stilleben
BO0624_88269,19,tafel
BO0624_88271,11,tafel
BO0624_88275,20,tafel
BO0624_88277,1,landschaft
BO0624_88278,1,gemalde
BO0624_88279,10,gemalde|tafel
BO0624_88281,1,zeichnungen
BO0624_88282,1,bronze
BO0624_88292,10,landschaft|porträt|stilleben|zeichnung
BO0624_88293,12,landschaft|skulpturen|tafel
BO0624_88295,13,tafel
BO0624_88298,3,aquarelle|lithographie|zeichnungen
BO0624_88299,2,gemalde|stiche
BO0624_88300,33,tafel
BO0624_88302,3,gemalde|stiche|stilleben
BO0624_88319,2,aquarelle|zeichnungen
BO0624_88320,2,aquarelle|landschaft
BO0624_88321,1,bronze
BO0624_88324,2,bronze|gemalde
BO0624_88325,5,bronze|gemalde|stiche|terrakotta
BO0624_88327,3,aquarelle|gemalde
BO0624_88328,2,landschaft|tafel
BO0624_88330,2,stilleben|zeichnungen
BO0624_88336,1,zeichnungen
BO0624_88339,3,aquarelle|stiche|stilleben
BO0624_88342,18,bronze|gemalde|skulpturen|tafel|terracotta
BO0624_88346,5,aquarelle|bronze|gemalde|tafel
BO0624_88347,4,tafel
BO0624_88348,12,skulpturen|tafel
BO0624_88349,4,bronze|gemalde|stiche
BO0624_88351,4,aquarelle|gemalde|marmor
BO0624_88352,2,bronze|gemalde
BO0624_88355,1,gemalde
BO0624_88361,5,gemalde|landschaft|zeichnungen
BO0624_88362,4,gemalde|marmor|stiche
BO0624_88363,1,gemalde
BO0624_88365,8,aquarelle|landschaft|tafel
BO0624_88367,4,gemalde|stiche|terrakotta
BO0624_88368,55,gemalde|tafel
BO0624_88371,6,aquarelle|landschaft|stiche
BO0624_88373,4,aquarelle|bilder|lithographie|tafel
BO0624_88374,1,stiche
BO0624_88376,10,bronze|gemalde|marmor|skulpturen|stiche|stilleben
BO0624_88377,1,kupferstich
BO0624_88379,3,aquarelle|bronze|gemalde
BO0624_88383,1,bilder
BO0624_88385,2,skulpturen|tafel
BO0624_88386,1,landschaft
BO0624_88393,3,aquarell|gemalde
BO0624_88394,5,bronze|gemalde|marmor|skulpturen
BO0624_88395,1,marmor
BO0624_88396,3,bronze|gemalde
BO0624_88397,2,tafel
BO0624_88398,2,bronze|skulpturen
BO0624_88399,1,aquarelle
BO0624_88401,2,statuette
BO0624_88403,1,portrat
BO0624_88407,3,gouache
BO0624_88409,1,marmor
BO0624_88410,2,lithographie|marmor
BO0624_88411,1,malerei
BO0624_88412,5,gemalde|marmor|skulpturen|stiche|zeichnungen
BO0624_88413,2,aquarell|gemalde
BO0624_88416,4,bronze|gemalde|portrat|terracotta
BO0624_88417,13,aquarell|aquarelle|stiche|zeichnungen
BO0624_88419,1,gemalde
BO0624_88421,5,landschaft|stilleben
BO0624_88422,1,bronze
BO0624_88424,1,bronze
BO0624_88427,4,aquarelle|bronze|gemalde|skulpturen
BO0624_88428,1,gemalde
BO0624_88429,1,landschaft
BO0624_88430,2,gemalde
BO0624_88432,1,gouache
BO0624_88435,3,gemalde|tafel
BO0624_88436,1,aquarelle
BO0624_88438,3,gemalde|portrat|stiche
BO0624_88441,2,landschaft
BO0624_88442,2,zeichnungen
BO0624_88444,1,bronze
BO0624_88445,1,marmor
BO0624_88448,3,bronze|relief
BO0624_88451,3,aquarell|landschaft
BO0624_88452,4,aquarelle|kupferstich|marmor|stich
BO0624_88453,8,aquarelle|bronze|gemalde|landschaft|marmor|skulpturen|tafel
BO0624_88457,4,gemalde|marmor|miniatur
BO0624_88462,4,bronze|gemalde|marmor|skulpturen
BO0624_88463,2,aquarelle|gemalde
BO0624_88465,1,landschaft
BO0624_88466,7,aquarell|gemalde|marmor|tafel
BO0624_88467,6,aquarell|bronze|stiche|stilleben
BO0624_88468,1,landschaft
BO0624_88471,2,bronze
BO0624_88472,5,gemalde|marmor|stiche|zeichnungen
BO0624_88473,1,tafel
BO0624_88474,10,gemalde|stilleben|tafel
BO0624_88476,8,aquarell|aquarelle|stiche|zeichnungen
BO0624_88477,7,aquarelle|bronze|gemalde|marmor|radierung|zeichnungen
BO0624_88478,1,landschaft
BO0624_88479,6,bronze|landschaft
BO0624_88480,3,aquarell|aquarelle|landschaft
BO0624_88481,2,miniatur|tafel
BO0624_88482,5,bronze|gemalde|marmor|skulpturen|terrakotta
BO0624_88483,4,aquarelle|gemalde|marmor
BO0624_88484,4,aquarell|gemalde|malerei|marmor
BO0624_88485,9,aquarelle|gemalde|skulpturen|stiche|tafel|zeichnungen
BO0624_88486,1,landschaft
BO0624_88487,11,aquarell|aquarelle|bronze|gemalde|marmor|tafel|zeichnungen
BO0624_88488,1,gemalde
BO0624_88489,1,stilleben
BO0624_88490,2,landschaft|marmor
BO0624_88491,6,aquarelle|gemalde|tafel|zeichnungen
BO0624_88492,4,bild|gemalde|marmor|miniatur
BO0624_88493,5,landschaft|landschaften|stilleben
BO0624_88494,4,gemalde|tafel
BO0624_88499,2,gemalde|stiche
BO0624_88500,5,gemalde|zeichnungen
BO0624_88501,7,gemalde|landschaft|stilleben
BO0624_88503,1,gemalde
BO0624_88504,2,gemalde
BO0624_88505,7,aquarelle|bronze|gemalde|marmor|zeichnung|zeichnungen
BO0624_88506,2,gemalde
BO0624_88507,7,aquarelle|gemalde|landschaft|portrat
BO0624_88508,1,tafel
BO0624_88509,8,bilder|bronze|gemalde|lithographie|marmor|zeichnungen
BO0624_88510,3,landschaft|tafel
BO0624_88516,1,bronze
BO0624_88517,2,gemalde|marmor
BO0624_88519,1,gouache
BO0624_88521,5,aquarelle|gemalde|stiche|zeichnungen
BO0624_88523,3,landschaft|tafel
BO0624_88524,4,aquarell|aquarelle|lithographie
BO0624_88526,2,stilleben|tafel
BO0624_88529,1,tafel
BO0624_88530,1,tafel
BO0624_88531,4,bronze|gemalde|marmor|zeichnungen
BO0624_88534,2,landschaft|tafel
BO0624_88535,3,gemalde|marmor
BO0624_88536,5,aquarell|gravure|landschaft|tafel
BO0624_88539,4,landschaft|tafel
BO0624_88540,3,tafel
BO0624_88543,1,gemalde
BO0624_88544,3,bronze|gemalde
BO0624_88546,2,gemalde|stiche
BO0624_88550,2,aquarelle|stiche
BO0624_88551,1,landschaft
BO0624_88552,5,bronze|gemalde|stiche
BO0624_88553,2,gemalde
BO0624_88554,3,bronze|gemalde|marmor
BO0624_88555,3,bild|stilleben
BO0624_88560,1,tafel
BO0624_88561,2,aquarell|landschaft
BO0624_88563,3,stilleben|tafel
BO0624_88565,1,bronze
BO0624_88566,16,landschaft|stilleben|tafel
BO0624_88571,4,gemalde|marmor|zeichnungen
BO0624_88574,1,malerei
BO0624_88576,1,gemalde
BO0624_88582,6,bronze|gemalde|skulpturen|tafel|terrakotta
BO0624_88585,1,gemalde
BO0624_88587,1,landschaft
BO0624_88588,1,stilleben
BO0624_88592,2,landschaft
BO0624_88595,2,gemalde
BO0624_88597,3,aquarell|tafel
BO0624_88600,3,bronze|gemalde
BO0624_88601,4,aquarell|tafel
BO0624_88602,2,bronze|gemalde
BO0624_88603,2,bronze|stilleben
BO0624_88605,2,bronze|gemalde
BO0624_88607,2,gemalde|miniatur
BO0624_88609,1,gemalde
BO0624_88611,1,zeichnungen
BO0624_88613,2,aquarelle|stiche
BO0624_88614,3,gemalde|landschaft|zeichnungen
BO0624_88618,1,bronze
BO0624_88633,2,gemalde|zeichnungen
BO0624_88636,7,aquarelle|bilder|bronze|gemalde|landschaft|skulpturen
BO0624_88638,2,gemalde|wandteppich
BO0624_88646,3,bronze|gemalde|kupferstich
BO0624_88654,1,aquarell
BO0624_88655,6,gemalde|malerei|stiche|tafel
BO0624_88657,1,gemalde
BO0624_88660,1,gemalde
BO0624_88661,3,gemalde|tafel
BO0624_88662,1,landschaft
BO0624_88663,6,landschaft|stilleben
BO0624_88664,1,bild
BO0624_88665,2,gemalde
BO0624_88668,3,aquarelle|gemalde|skulpturen
BO0624_88670,3,aquarelle|bronze|stiche
BO0624_88671,4,bronze|relief
BO0624_88672,1,skulpturen
BO0624_88675,3,gemalde|tafel
BO0624_88676,1,wandteppich
BO0624_88679,1,gemalde
BO0624_88680,7,landschaft|portrat|stilleben
BO0624_88681,3,gemalde
BO0624_88684,1,gemalde
BO0624_88686,1,aquarell
BO0624_88687,1,gemalde
BO0624_88688,2,bronze|landschaft
BO0624_88689,1,gemalde
BO0624_88690,1,gemalde
BO0624_88692,2,tafel
BO0624_88694,2,gemalde
BO0624_88695,7,landschaft|stilleben
BO0624_88699,3,aquarelle|bronze|stiche
BO0624_88702,5,aquarelle|gemalde|tafel|zeichnungen
BO0624_88713,5,gemalde|stilleben
BO0624_88730,18,bild|gemalde|landschaft|stilleben|tafel
BO0624_88739,2,gemalde
BO0624_88740,1,aquarelle
BO0624_88741,2,skulpturen|zeichnungen
BO0624_88742,3,aquarell|zeichnungen
BO0624_88743,3,bilder|zeichnungen
BO0624_88744,2,gemalde|tafel
BO0624_88745,3,bronze|gemalde|stiche
BO0624_88747,1,gemalde
BO0624_88749,3,gemalde
BO0624_88751,1,aquarelle
BO0624_88754,1,gemalde
BO0624_88756,1,tafel
BO0624_88759,1,gemalde
BO0624_88760,8,aquarell|aquarelle|gemalde|skizze|skulpturen
BO0624_88773,1,gemalde
BO0624_88774,33,gemalde|landschaft|miniature|stilleben
BO0624_88776,16,bronze|marmor|wandteppich
BO0624_88777,1,aquarelle
BO0624_88778,2,gemalde|stiche
BO0624_88780,2,aquarelle|portrat
BO0624_88781,2,gemalde
BO0624_88782,2,bronze|gemalde
BO0624_88783,2,gemalde|skulpturen
BO0624_88785,1,gemalde
BO0624_88786,3,bronze|landschaft|marmor
BO0624_88787,4,bronze|landschaft|marmor
BO0624_88788,6,flachrelief|malerei|marmor|relief|wandteppich
BO0624_88789,7,flachrelief|malerei|marmor|relief|wandteppich
BO0624_88790,1,tafel
BO0624_88792,21,gemalde|landschaft|marmor|skulpturen|tafel
BO0624_88793,4,aquarelle|radierung|stiche|zeichnungen
BO0624_88794,2,gemalde
BO0624_88795,4,bronze|gemalde|stilleben
BO0624_88799,2,gemalde|skulpturen
BO0624_88800,10,gemalde|tafel
BO0624_88802,6,gemalde|malerei|tafel
BO0624_88803,1,stiche
BO0624_88804,1,skulpturen
BO0624_88805,2,bronze|landschaft
BO0624_88806,1,gemalde
BO0624_88808,3,aquarelle|skizze|zeichnungen
BO0624_88809,2,gemalde
BO0624_88810,2,stilleben
BO0624_88811,10,landschaft|stilleben|wandteppich
BO0624_88812,2,gemalde
BO0624_88813,1,landschaft
BO0624_88814,2,gemalde|skulpturen
BO0624_90087,3,bronze|skulpturen
BO0624_90097,11,portrait|sculptures
BO0624_B1210,2,aquarelles|tableaux
BO0624_B15101,31,aquarelles|marbre|portrait|relief|tableau|tableaux
BO0624_B2246,7,tableaux
