index,num,title,text,catalogue_id
1,I,"l est assis devant une table chargée de vases, d'étoffes rares et d'autres ustensiles précieux, groupés aussi par terre. Les accessoires copiés scrupuleusement présentent un grand fini de détails. Bois. Cadre doré. 0.49 X 0.39.","Il est assis devant une table chargée de vases, d'étoffes rares et d'autres ustensiles précieux, groupés aussi par terre. Les accessoires copiés scrupuleusement présentent un grand fini de détails. Bois. Cadre doré. 0.49 X 0.39.

## Dürer Albert - 1471-1528.",documents/BO0624_4482
2,2,Adam et Eve.,"2. Adam et Eve.

Au paradis terrestre. Ils sont représentés entourés de quelques animaux de la création. Eve présente à Adam le du bien et du mal. Ce tableau a été reproduit par la gravure exécutée par le maître même de 1497 à 1529. Bois. Beau fruit défendu que lui offre le serpent enroulé autour de l'arbre cadre doré. 1.45 X I.IO.

## Albert Dürer - 1471-1528 (école de).",documents/BO0624_4482
3,3,Le baiser de Judas Iscariote.,"3. Le baiser de Judas Iscariote.

Le Christ entouré de soldats qui brandissent des armes et des torches reçoit le baiser du traître. A gauche on voit le
Rédempteur au Jardin des Oliviers; à droite les soldats le conduisent au Calvaire. Bois. Cadre doré et sculpté.

0.70 X 0.57.

## Holbein Hans — 1493-1554 (attribué à).",documents/BO0624_4482
4,4,Portrait d'homme.,"4. Portrait d'homme.

Costume et grand manteau en velours noir et passemen0.16 X 0.13·

teries or. Demie-figure. Bois.

## Holbein Hans - 1493-1554 (école de).",documents/BO0624_4482
5,5,Portrait de femme.,"5. Portrait de femme.

Assise dans un fauteuil à dossier droit et à accotoirs. Robe en velours noir ornée de bretelles et ceinture en drap blanc. Bois. Cadre doré et sculpté. 0.58 X 0.42.",documents/BO0624_4482
6,6,Portrait du réformateur Martin Luther.,"6. Portrait du réformateur Martin Luther.

Bois.

Ecole allemande du XVI siècle.",documents/BO0624_4482
7,7,Ecce Homo.,"7. Ecce Homo.

Le Sauveur représenté à mi-corps est soutenu par un ange. Composition ayant certainement fait partie d'un tableau de dimensions plus grandes. Bois. Riche cadre bois doré et sculpté. Bonne conservation. 0.51 × 0.54.",documents/BO0624_4482
8,8,La Vierge et l'Enfant.,"8. La Vierge et l'Enfant.

Sous un portique d'où l'on domine le paysage, la Vierge embrasse l'Enfant qu'elle tient sur ses genoux. Près d'elle une table garnie d'une nappe damassée sur laquelle sont placés un pain et un couteau. Toile. Cadre en bois doré et sculpté. 0.84 X 0.75.

0.25 X 0.19.
## ECOLES FLAMANDE ET HOLLANDAISE.

De Bles Henri dit « Civetta » - Fin du XV° siècle.",documents/BO0624_4482
9,9,Roi recevant une ambassade.,"9. Roi recevant une ambassade.

Sur le perron d'un palais d'architecture flamande, le roi entouré de sa cour reçoit l'ambassadeur qui lui remet un parchemin au sceau de son seigneur. Du perron on domine le parc royal, la ville et le paysage qui s'étend jusqu'à la mer. Des courtisans sont occupés à différents exercises. Bois. Beau cadre en bois noir et arabesques, sculptées et dorées.

0.48 X 0.70.

## Van Dyck Abraham - 1663.",documents/BO0624_4482
10,10,Portrait de jeune princesse de la maison de Valois.,"10. Portrait de jeune princesse de la maison de Valois.

Bois avec le sigle V. D. 0.42 X 0.30.

Van Dyck Antoine — 1599-1641 (d'après).",documents/BO0624_4482
11,I1,Sainte Famille.,"- I1. Sainte Famille.

L'enfant Jésus droit sur les genoux de la Vierge joue avec 0.98 X 1.25.

Saint Jean que Saint Joseph soutient. Toile.

Van Dyck Antoine - 1599-164I (école de).",documents/BO0624_4482
12,I2,Portrait de fillette.,"- I2. Portrait de fillette.

Debout près d'une colonne devant une draperie; une chaise à dossier droit est placée derrière elle. La robe est en satin blanc ornée de dentelle. Toile. Cadre doré. 0.82 X 0.97.",documents/BO0624_4482
13,13,13. Portrait de jeune femme.,"13. Portrait de jeune femme.

Assise dans un fauteuil; le bras gauche posé sur l'accotoir, la main droite sur une table. Les cheveux coupés courts sont bouclés et d'un blond roux. Elle porte une magnifique robe en brocart blanc et or; au cou une collerette tuyautée; en sautoir, une grosse chaîne d'orfèvrerie. Le fond est formé par 1.23 X 0.85.

une draperie rouge. Toile. Cadre doré.
Van Dyck Antoine — 1599-1641 (copie ancienne d'après).",documents/BO0624_4482
14,14,## 14. L'Adoration des Mages.,"## 14. L'Adoration des Mages.

Cuivre.

0.45 X 0.35-

## Floris Franz - 1520-1570 (d'après).",documents/BO0624_4482
15,15,Adam et Eve contemplant Cain et Abel enfants. 05 X 1.62.,"15. Adam et Eve contemplant Cain et Abel enfants.

Eve étendue sur une peau de léopard joue avec un de ses enfants; à ces côtés Adam tient une chèvre par les cornes; plus loin l'autre enfant. Grande composition. Bois. 2.05 X 1.62.",documents/BO0624_4482
16,16,Adam et Eve pleurant le meurtre d'Abel.,"16. Adam et Eve pleurant le meurtre d'Abel.

Composition faisant pendant à la précédente. Bois. Mêmes dimensions.

## Floris Franz - 1520-1570 (école de).",documents/BO0624_4482
17,17,"Mariage de Catherine Cornaro, reine de Chypre.","17. Mariage de Catherine Cornaro, reine de Chypre.

Ce tableau présente deux compositions: 1° Jacques de Lusignan qui offre la bague à Catherine escortée par de nombreuses suivantes qui portent des présents; 2° Un lit a colonnes où l'on voit une accouchée et son enfant. Les trois Grâces sont au pied du lit et protègent l'enfant, né sous leurs auspices. Diverses suivantes sont occupées à préparer les langes et les médicaments; d'autres présentent des mets. Ce tableau d'un grand fini d'exécution, offre un intérêt tout particulier pour la variété des costumes. Bois. 0.52 X 0.42-

## Metzys dit « Maréchal d' Anvers» - 1450-1529.",documents/BO0624_4482
18,18,La méditation de Saint Jérôme. 00 X 0.73.,"18. La méditation de Saint Jérôme.

Le Père de l'Eglise est dans son cabinet assis devant une table chargée de livres, de manuscrits et d'autres ustensiles. L'index de la main gauche pose sur un crâne placé devant lui. Dans le fond, un paysage ou l'on voit le saint Anachorète en prière devant un crucifix. Bois. Cadre doré. 1.00 X 0.73.
## Ecole de Rembrandt.",documents/BO0624_4482
19,19,Tête de jeune femme.,"19. Tête de jeune femme.

Demi-buste vu de profil. Robe ouverte en cœur garnie d'une bande de fourrure et guimpe de lin. Bois. Encadrement en bois noir, avec bronze doré et ciselé. 0.45 X 0.42.

## Rubens Pierre-Paul - 1577-1640.",documents/BO0624_4482
20,20,La Musique.,"20. La Musique.

Figure de femme aux formes opulentes, aux chairs rosées et grassouillettes et aux joues vermillonnées. Elle a les yeux levés au ciel, comme en extase. Son costume est fait de brocart rouge et de satin blanc, dont les plis étoffés présentent des tonalités éclatantes. Le bras droit est appuyé à une table; dans une main elle tient un cahier de musique; dans l'autre, un luth et l'archet. Près d'elle on voit un violon et de la musique. Toile. Cadre dore et sculpté. 1.32 X 1.03.

## Snyders François - 1579-1657.",documents/BO0624_4482
21,21,L'achat des provisions.,"21. L'achat des provisions.

Une femme vêtue du costume des paysannes flamandes est debout; un panier au bras; elle tient dans chaque main un couple de poulets. Une seconde femme est assise près d'une cage à volaille et s'assure de la grosseur de quelques canards placés devant elle. Un homme portant sur sa tête un baquet, forme le troisième personnage de cette composition d'un groupement pittoresque et où la vérité de la nature morte est rendue par excellence. Bois. 1.95 X 1.02.",documents/BO0624_4482
22,22,La Cuisinière.,"22. La Cuisinière.

Une femme flamande debout près d'une haute cheminée en pierre, prépare la broche où sont enfilés plusieurs poulets et un quartier de mouton. Près d'elle un tabouret, différentes terrines et des écailles d'huîtres jetées sur le carrelage. Bois. 1.60 X 0.80.
## Suttermans Juste - 1597-1681 (attribué à).",documents/BO0624_4482
23,23,Portrait de jeune dame en costume du XVIIe siècle.,"23. Portrait de jeune dame en costume du XVIIe siècle.

Toile. Cadre bois doré.

0.65 X 0.50.

## Teniers David dit « Le Vieux » - 1581-1649.",documents/BO0624_4482
24,24,Tête de jeune paysan flamand.,"24. Tête de jeune paysan flamand.

Bois.

Van der Velde Isaie - 1590-1626.",documents/BO0624_4482
25,25,Brigands se préparant à l'attaque.,"25. Brigands se préparant à l'attaque.

Lisière d'une forêt; hommes et cavaliers se rangent en ordre de bataille, fourbissent leurs armes et se préparent à fondre sur le convoi qui s'avance dans le lointain. Bois. Cadre doré.

## Weenix Jean B. - 1621-1660.",documents/BO0624_4482
26,26,Chiens de chasse et gibier.,"26. Chiens de chasse et gibier.

Deux levriers à la robe tachetée sont représentés au repos; un chien d'arrêt à longs poils s'allonge par terre dans un pose de lassitude. Un groupe de gibier ou domine un magnifique lièvre, est artistiquement disposé, mélangé aux ustensiles du chasseur. Une fraîche perspective de paysage complète le tableau. Le dessin exact accuse les formes avec une précision parfaite et rend le pelage des quadrupèdes et la plume des oiseaux avec une exquise vérité et une rare perfection de détails. Toile. Cadre doré. 1.20 X 1.65-

Ecole de Bruges - XV° siècle.",documents/BO0624_4482
27,27,Triptyque.,"27. Triptyque.

En forme de tabernacle et à volets se fermant. Le panneau de gauche nons montre l'Annonciation; celui central: l'Ado- ration des bergers; celui de droite; le Repos en Egypte. Bois. 1.08 X 1.38 ouvert - 0.6o fermé.

0.60 X 0.45-

0.20 X 0.27 -",documents/BO0624_4482
28,28,L'Adoration.,"28. L'Adoration.

La Vierge vêtue d'une robe blanche et d'un long manteau vert est agenouillée devant l'Enfant. Derrière elle on voit Saint Joseph. Des anges agenouillés sont en adoration devant le Sauveur; d'autres chantent ses louanges. Dans le fond on aperçoit un sentier et les bergers qui se rendent à la Crêche. Bois avec parties dorées. Cadre en noyer. 0.46 X 0.62.

## Ecole flamande - XV° siècle.",documents/BO0624_4482
29,29,Saint Jérôme en prière devant le crucifix.,"29. Saint Jérôme en prière devant le crucifix.

Bois.

## Ecole flamande du XVI siècle.",documents/BO0624_4482
30,30,Portrait d'homme.,"30. Portrait d'homme.

Costume noir et grande collerette de toile. Bois. Riche cadre doré et sculpté. 0.60 X 0.52.",documents/BO0624_4482
31,31,Sainte Famille.,"31. Sainte Famille.

La Vierge placée sous un baldaquin allaite le divin Enfant, auquel Saint Joseph offre une pomme. Bois. Cadre doré.

0.45 X 0.3 1.

## Ecole d'Anvers com. du XVI siècle.",documents/BO0624_4482
32,32,Diptyque.,"32. Diptyque.

Volets à double face, montés sur pivot. D'un côté l'ange Gabriel et la Vierge forment le sujet de l'Annonciation. Sur l'autre face: la Nativité et la Présentation au Temple. Les personnages de ces deux derniers sujets portent le costume flamand de l'époque et ont pour fond une architecture de style Renaissance. Bois. 1.00 X 1.20.

## Ecole Anversoise.",documents/BO0624_4482
33,33,La mort de Lucrèce.,"33. La mort de Lucrèce.

L'héroïne romaine est représentée nue; d'une main elle écarte un manteau d'un rouge vif, de l'autre elle se plonge l'épée dans le flanc. Bois. 0.39 X 0.30

0.42 X 0.27.
## Ecole flamande du XVII siècle.",documents/BO0624_4482
34,34,"Portrait de jeune cavalier. l porte un costume espagnol à crevés de satin blanc et grand col de guipure. Toile. Cadre en bois doré, sculpté et ajouré. 0.65 X 0.50.","34. Portrait de jeune cavalier. Il porte un costume espagnol à crevés de satin blanc et grand col de guipure. Toile. Cadre en bois doré, sculpté et ajouré. 0.65 X 0.50.

Ecole flamande fin du XVII siècle.",documents/BO0624_4482
35,35,Scène familière. bis. Scène familière.,"35. Scène familière.

Trois hommes cherchent à réveiller une femme endormie dans un fauteuil. A ses côtés deux enfants, un garçon et une fillette rient. Un autre personnage se montre à gauche derrière les carreaux d'une large fenêtre. Intérieur flamand. Toile. Sigle M. B. 0.42 X 0.52.

## Ecole flamande du XVII° siècle. - 35 bis. Scène familière.

Groupe de trois femmes dont une allaite un enfant; elles entourent un cavalier.

## Ecole hollandaise.",documents/BO0624_4482
36,36,Caravane traversant un ravin.,"36. Caravane traversant un ravin.

Dans un paysage abrupt une troupe serrée en colonne gravit un monticule. Un âne fléchit sous le poids de son bât, d'ou s'échappent divers ustensiles de menuisier. Un chasseur portant du gibier et suivi de son chien, ferme la marche. Quelques monuments en ruines et une ville que l'on aperçoit dans le lointain complètent le paysage. Bois. Cadre doré.

0.70 X 0.48.

Médaillon ovale. Bois marouflé. Cadre noir et or à biseau.

0.28 X 0.29.

Ecole flamande.",documents/BO0624_4482
37,37,"Fleurs, fruits et oiseaux.","37. Fleurs, fruits et oiseaux.

Touffes d'œillets, roses, campanules et pivoines mélangés à

des pommes, prunes et raisins qui s'échappent d'un bassin cassé en faïence de Delft.",documents/BO0624_4482
38,38,Fleurs et fruits.,"38. Fleurs et fruits.

Dans un grand plat de faïence de Delft des grappes de raisins, des pommes, des poires, des prunes mélangés à des pivoines, des anémones et des roses.",documents/BO0624_4482
39,39,"Fleurs, fruits et animaux.","39. Fleurs, fruits et animaux.

Grappes de raisins blancs, melons, figues, grenades mélangés

à des gerbes d'iris.",documents/BO0624_4482
40,40,Fleurs et fruits.,"40. Fleurs et fruits.

Grappes de raisin, pastèques, figues et coings mélangés à

des fleurs.

Ces quatre peintures forment série. Médaillons ovales. Toiles. Encadrements vénitiens en bois doré ajouré et sculpté.",documents/BO0624_4482
41,1,38 X 0.98.,"1.38 X 0.98.

## ECOLES ITALIENNES.

Albano Francesco - 1578-1660 (attribué à).",documents/BO0624_4482
42,4,I. Le mariage de Sainte Catherine.,"- 4I. Le mariage de Sainte Catherine.

Peinture sur bois. Cadre bois, sculpté et doré.

0.35 X 0.30.

Barbieri, dit « le Guercin» — 1591-1666 (copie ancienne d'après).",documents/BO0624_4482
43,42,Sibilla Persica.,"42. Sibilla Persica.

Demie-figure, la tête ornée d'un riche turban. La main droite appuyée sur des livres, tient un rouleau de parchemin où se trouve l'inscription: ILLE DEVS CASTA NASCETVR VIRGINI MAGNVS. SIBYLLA PERSICA. Toile. Cadre bois doré et seulpté. 1.04 X 0.89.

Bellini Jean - XVI° siècle (d'après).",documents/BO0624_4482
44,43,Vierge à la Colombe.,"43. Vierge à la Colombe.

La Madone vue à mi-corps devant une draperie est en adoration auprès de l'Enfant qui est étendu nu sur un
coussin. Une colombe prend le vol, retenue à la patte par un fil que l'Enfant tient dans ses mains. Bois. 0.85 X 0.62.

Bellini Jean, dit « Giambellini » - 1424-1514 (école de).",documents/BO0624_4482
45,44,La Vierge à l'Enfant.,"44. La Vierge à l'Enfant.

Sur un trône surmonté d'un baldaquin, la Vierge tient le divin Enfant sur un coussin placé sur ses genoux. Bois. Cadre doré. 1.20 X 0.79.

Buonarroti Michel-Ange - 1475-1564 (école de).",documents/BO0624_4482
46,45,Saint Marc et Saint Luc.,"45. Saint Marc et Saint Luc.

Peinture formant dessus de porte, et décorée en relief des symboles de ces deux évangélistes. Bois doré et sculpté.

0.98 X 1.28.",documents/BO0624_4482
47,46,Saint Mathieu et Saint Jean.,"46. Saint Mathieu et Saint Jean.

Pendant au précédent.

Cagliari Paul, dit « le Veronese » - 1528-1588.",documents/BO0624_4482
48,47,La naissance de Caton.,"47. La naissance de Caton.

Composition avec de nombreux personnages. Toile. Cadre bois doré et sculpté. 1.53 X 1.17.

Canale Antoine, dit « le Canaletto » - 1697-1768 (école de).",documents/BO0624_4482
49,48,Vue de Venise.,"48. Vue de Venise.

Toile. Cadre doré.

## Carrache Annibal - 1560-1609.",documents/BO0624_4482
50,49,Vénus et les Amours.,"49. Vénus et les Amours.

La déesse étendue et plongée dans le sommeil. Le bras droit allongé, le gauche replié sur la tête. Elle est entourée par quatre amours qui la lutinent et cherchent à l'éveiller.

Toile. Cadre doré et sculpté. 1.45 X 0.69.

0.43 X 0.33.
Cima da Conegliano J. B. - 1460 (attribué à).",documents/BO0624_4482
51,50,Tête d'apôtre. dis. Panneau rectangulaire.,"50. Tête d'apôtre.

Bois.

Giotto - 1265-1366 (école de). - 50 dis. Panneau rectangulaire.

Renfermant quatre compositions: l'Adoration des Bergers;

le Sauveur et Marie-Madeleine; la Resurrection; Saint Evêque bénissant et Saint Antoine Abbé; Saint Jérôme dans le désert. Bois sur fond or. Avec custode en bois. 0.84 X 0.66.

Crespi J. B. de Novare - 1557-1633.",documents/BO0624_4482
52,51,Saint François d'Assise.,"51. Saint François d'Assise.

Demie-figure dans l'attitude du receuillement. Le saint d'une main tient le crucifix, de l'autre un chapelet. Toile. 0.93 X 0.70.

Mazzoni d'Alexandrie (école piémontaise).",documents/BO0624_4482
53,52,L'Adoration.,"52. L'Adoration.

La Vierge et Saint Joseph agenouillés adorent l'Enfant couché que des angelots entourent. Saint François, Saint Jean Baptiste et Saint Marc complètent la composition. Fond de paysage et d'architecture. Bois. 1.65 X 1.20.

Pier della Francesca - 1398-1484 (attribué à).",documents/BO0624_4482
54,53,Portrait de femme.,"53. Portrait de femme.

doré. Vue en buste, de profil; costume du siècle XV°. Bois. Cadre 0.46 X 0.36.

Dosso Dossi — 1480-1550? (école de Ferrare).",documents/BO0624_4482
55,54,Andromède.,"54. Andromède.

La fille de Céphée, roi d'Ethiopie, est enchaînée nue au rocher, dont une partie lui sert d'abri. Le corps est étendu,

0.30 X 0.24•
la jambe gauche repliée. La mer agitée borne l'horizon. (Provient de la Galerie du Marquis Costabili, de Ferrare). Toile. 1.58 X o.60.

## Francia Jacques (mort en 1557).",documents/BO0624_4482
56,55,"La Vierge, Saint Pétrone et Saint François.","55. La Vierge, Saint Pétrone et Saint François.

L'Enfant nu sur les genoux de la Vierge, a la main droite levée benissant un fac-simile de la ville de Bologne que lui présente l'évêque mitré et crossé. A gauche Saint François. Restauration non achevée.

Documenté par l' Académie Royale des Beaux Arts de

Bologne (28 août 1872). Bois. Cadre bois doré et sculpté.

0.89 X 0.70.

Garofolo Charles - XVII° siècle (école napolitaine).",documents/BO0624_4482
57,56,La Sainte Famille.,"56. La Sainte Famille.

La Vierge tient l'Enfant sur un coussin placé sur ses genoux. Saint Jean enfant joue avec Jésus. Derrière on aperçoit Saint Joseph. Toile. Cadre bois doré. 0.38 X 0.32.",documents/BO0624_4482
58,57,La Vierge et l'Enfant.,"57. La Vierge et l'Enfant.

Assise sur les nuages, elle tient l'Enfant nu sur ses genoux et lui présente un œillet qu'il cherche à saisir. Bois. Cadre doré. 0.85 X 0.53.

## Ghirlandajo - 1451-1495 (école de).",documents/BO0624_4482
59,58,"La Vierge, l'Enfant et Saint Jean.","58. La Vierge, l'Enfant et Saint Jean.

Trois anges complètent le tableau. Par les deux fenêtres à double arcatures on aperçoit dans le fond une ville cré- nelée. Panneau circulaire. Encadrement bois doré.

Diam. M. 1.00.

## Defendente Ferrari (école piémontaise).",documents/BO0624_4482
60,59,La Vierge entourée de Saints.,"59. La Vierge entourée de Saints.

Sous un portique de style Renaissance, la Vierge assise sur un trône allaite l'enfant Jésus. A sa droite Sainte Catherine et Sainte Marthe; à gauche Saint Jean et Saint Antoine abbé. Bois. Cadre doré. 1.35 X 1.15.
Mazzuoli François, dit « le Parmesan » - 1503-1540.",documents/BO0624_4482
61,60,Le triomphe d'Amphitrite.,"60. Le triomphe d'Amphitrite.

La déesse est soulevée par un Triton qui lui ceint la taille. L'Amour est près d'elle, assis sur un dauphin. Un autre Triton souffle avec force dans une conque marine. Toile. Cadre doré et sculpté. 0.51 X 0.66.

Luca Mombello — XVII' siècle (école vénitienne).",documents/BO0624_4482
62,61,La Vierge et l'Enfant.,"61. La Vierge et l'Enfant.

Dans un paysage. A droite de la Vierge: la décollation de Sainte Cécile; à gauche: une sainte en prière. Toile. Bel encadrement en bois sculpté du siècle XVI°. 0.70 X 0.68.

Moroni Jean-Baptiste - XVI° siècle (attribué à).",documents/BO0624_4482
63,62,Beau portrait d'homme,"62. Beau portrait d'homme

de l'Ordre des Philippins. Les chairs et la barbe grisonnante sont traités magistralement. Toile. Beau cadre doré et sculpté. Tableau de collection. 0.45 X 0.37.

## Orgagna - 1329-1389 (école de).",documents/BO0624_4482
64,63,L'archange Saint Michel terrassant le démon.,"63. L'archange Saint Michel terrassant le démon.

Le chef de la milice céleste est représenté le corps couvert d'une armure, l'épée dégaînée et tenant un globe d'or dans la main gauche. Peinture sur bois ayant fait partie d'un triptyque. Dans la cuspide on voit la Vierge et l'Enfant sur des nuages. Fonds d'or. 1.60 X 0.68.

## Gandolfini d'Asti (école piémontaise).",documents/BO0624_4482
65,64,L'Assomption de la Vierge.,"64. L'Assomption de la Vierge.

Les Apôtres dans diverses attitudes entourent le tombeau où le corps avait été enseveli. Le sarcophage a été ouvert, des mais à leur grande stupéfacion ils n'y trouvent que fleurs. Bois. Cadre bois doré. 1.65 X 1.20.
## Piazzetta Giovanni — 1683-1755•",documents/BO0624_4482
66,65,Femme tenant un enfant.,"65. Femme tenant un enfant.

Tableau d'un dessin vigoureux et où les effets de lumière sont traités avec intelligence et précision. Bois. 0.40 X 0.34.

## Pippi Jules, dit « Jules Romain » - 1492-1546.",documents/BO0624_4482
67,66,66. Vénus Amphitrite.,"66. Vénus Amphitrite.

La déesse est debout sur une coquille, guidant deux dauphins. Une draperie flottante, d'une teinte rosée, retenue sur le bras droit lui ceint les reins laissant le torse à découvert. Elle tient à la main un roseau, emblème des ondes. Le nu de cette figure présente une grâce et une vérité d'exécution qui joints à un coloris charmant constituent un tableau digne d'attention. Toile. 0.98 X 1.45.

Raibolini François, dit « le Francia» - 1460-1535.",documents/BO0624_4482
68,67,## 67. La Vierge au Chardonneret.,"## 67. La Vierge au Chardonneret.

L'Enfant nu, repose sur les genoux de la Vierge. Dans la main il tient un chardonneret. A sa gauche, Saint Benoît. Fond de paysage. Cette magnifique peinture, malgré ses quelques parties restaurées, mérite d'attirer l'attention des amateurs.

Ce tableau a été documenté par Achille Fulli, peintre figuriste Bolonais et sanctionné par l'Académie Royale des Beaux Arts de Bologne (28 août 1872 et 14 déc. 1874). Bois. Riche encadrement à tabernacle en bois doré et sculpté. 0.60 X 0.48.

Ramenghi Bartolomeo, dit « Bagnacavallo » - 1484-1551.",documents/BO0624_4482
69,68,Sainte Catherine de Sienne et le jeune Tobie conduit par,68. Sainte Catherine de Sienne et le jeune Tobie conduit par,documents/BO0624_4482
70,2,l'ange Raphaël.,"2. l'ange Raphaël.

Peinture sur bois ayant fait partie, soit d'un triptyque, soit d'une composition de plus grandes dimensions.",documents/BO0624_4482
71,1,44 X 0.67.,1.44 X 0.67.,documents/BO0624_4482
72,69,"Sainte Apolline, Saint Etienne et Saint jouant du violon. Pendant au précedent.","69. Sainte Apolline, Saint Etienne et Saint jouant du violon. Pendant au précedent.

Rosso dei Rossi - 1496-1541 (école florentine).",documents/BO0624_4482
73,70,70. La Vierge et l'Enfant.,"70. La Vierge et l'Enfant.

Peinture sur bois. Fond avec traces de dorure.

0.45 X 0.35•

Sabbatini, dit « Andrea da Salerno» - XV° siècle (école napolitaine)",documents/BO0624_4482
74,71,## 71. La Vierge et l'Enfant.,"## 71. La Vierge et l'Enfant.

La Vierge assise, la tête portant la couronne tient l'Enfant sur ses genoux. Le fond est formé par une riche étoffe état, primitif et ne porte les traces d'aucune restauration. Riche encadrement à médaillon circulaire en bois, décoré de sculptures et de têtes d'angelots à relief. Epoque Renais-

à dessin de palmettes. Cette peinture se trouve dans son sance. Bois. Diam. M. 0.93.

Raphaël Sanzio - 1483-1520 (copie de l'époque d'après).",documents/BO0624_4482
75,72,Saint Jean prêchant dans le désert.,"72. Saint Jean prêchant dans le désert.

Saint Jean est représenté âgé de douze à quinze ans; il est nu à l'ecception d'une peau de léopard, qui du bras gauche lui ceint les reins et passe sur la cuisse droite. Le jeune Précurseur est assis sur des rochers. A ses côtés une croix rustique faite de bambous. La main droite est levée, l'autre tient un rouleau de papier. (L'original est à la Galerie de Florence). Bois. Cadre doré et sculpté. 0.95 × 0.77.

## 73. Sainte Cécile

entourée de Saint Paul, Saint Augustin, Saint Jean et Sainte Madeleine; tous sont réunis pour chanter les louanges du Seigneur. Ils interrompent leurs chants pour écouter un concert céleste. (L'original de ce tableau, exécuté par Raphaël en 1513 sur commande du cardinal Lorenzo Pucci, se trouve actuellement à Bologne).
## Salimbeni Ventura - 1557-1613.

## 74. Le repos en Egypte.

La Vierge assise sur un tertre au pied d'un arbre tient son divin Fils sur ses genoux. Saint Joseph placé plus en arrière attache l'âne à un tronc d'arbre. Deux anges du haut des nues présentent des fruits à l'Enfant, qui de ses mains cherche à les atteindre. Dans le fond la campagne et des chaumières qui complètent la perspective. Toile. 1.60 X 1.20.

Rocca Michel dit le « Parmigianino» - com. du XVIII® siècle.

## 74 bis. Le Mariage de Sainte Cathérine

La Vierge assise, vue de profil, tient l'Enfant sur ses genoux : il passe l'anneau au doigt de Sainte Cathérine.

Magnifique cadre en bois doré et sculpté à volutes du XVIIe siècle. Bois. 0.55 X 0.42.

## Rosa Salvatore - 1615-1673 (école de).

## 75. L'Enfer du Dante.

Composition grandiose et animée où le Poète, accompagné de Virgile, est représenté au milieu des damnés. Toile.",documents/BO0624_4482
76,1,50 X I.10.,"1.50 X I.10.

## Rosa Salvatore (attribué à).

## 75 bis. Combat de cavalerie.

Petite peinture circulaire.

Bois: diam. o.13. Cadre noir.

Tedesco Emmanuel - XVI siècle.",documents/BO0624_4482
77,76,Les trois mendiants.,"76. Les trois mendiants.

Réprésentant trois figures d'âges différents, d'un dessin et d'un modèle hardi autant que vigoureux. Toile. Beau cadre bois sculpté, doré et ajouré. 0.60 X 0.95-",documents/BO0624_4482
78,77,Vieille femme se chauffant. ntérieur de cuisine près du brasier où bout la marmite en terre. Une terrine contient deux œufs pochés. A côté un gros pain rond. Paysage d'hiver dans le fond. Toile. Cadre doré et sculpté. 0.96 X 0.72.,"77. Vieille femme se chauffant. Intérieur de cuisine près du brasier où bout la marmite en terre. Une terrine contient deux œufs pochés. A côté un gros pain rond. Paysage d'hiver dans le fond. Toile. Cadre doré et sculpté. 0.96 X 0.72.

## Titien - 1477-1576 (copie ancienne d'après le).",documents/BO0624_4482
79,78,Le martyre de Saint Pierre le Dominicain.,"78. Le martyre de Saint Pierre le Dominicain.

Le saint est à terre; il cherche à se défendre des coups que lui porte son bourreau. Dominique, le frère de la victime, s'enfuit la tête ensanglantée. Des anges du haut des nues présentent la palme au martyr. Toile. Cadre doré et sculpté. (L'original de ce tableau, un des meilleurs du Titien, a été malheureusement détruit par un incendie à Venise. Il fut exécuté par le maître à l'age de 48 ans en 1528 pour l'église de Saint Jean et Saint Paul). 1.58 X 0.95.

Vecellio César - 1530-1606.",documents/BO0624_4482
80,79,Deux portraits d'hommes.,"79. Deux portraits d'hommes.

A gauche un doge vénitien revêtu d'une ample dalmatique en brocart jaune; à droite un amiral portant l'armure sous un pourpoint de velours. Toile. Cadre doré. 0.90 X 0.80.

## École de Pistoia du XVe siècle.",documents/BO0624_4482
81,80,80. Triptyque gothique.,"80. Triptyque gothique.

Le volet central nous montre la Vierge assise dans une gloire et tenant l'Enfant sur ses genoux. A leurs pieds on voit un religieux agenouillé, sans doute le donateur. Sur le volet de gauche: un saint évêque mitré et crossé; sur celui de droite: Saint Paul. Les petits compartiments accolés aux volets latéraux sont décorés de quatre figures de saints; Saint Dominique, Saint Paul, Saint François et Saint Jean. Les tabernacles qui surmontent la cuspide des volets représentent le Christ, l'ange Gabriel et la Vierge. Bois et fonds or. 1.90 X 2.00.",documents/BO0624_4482
82,81,## 81. Triptyque.,"## 81. Triptyque.

Volets cuspidés. Au centre: Saint Pierre assis sur le trône et portant la tiare; d'une main il bénit, de l'autre il tient les clefs de l'Eglise. Sur le volet de gauche: Saint Antoine abbé tenant un livre et le tau ou béquille abbatiale. Sur celui de droit: Sainte Marie Madeleine qui tient dans les mains une boîte à aromes. Au bas on lit l'inscription: SANTVS. ANTONIVS. ABBAS. SANTVS. PETRVS . APPOSTOLVS. SANTA MARIA MADDALENA. Au dessus: QVESTA. TAVOLA. FECE. FARE. PIETRO . DI GIOVANI. RIO. puis le sigle CLAO 1438. Bois. 1.35 X 1.43.",documents/BO0624_4482
83,82,## 82. Ecce-Homo.,"## 82. Ecce-Homo.

Demie-figure. Petite peinture circulaire ayant servi fort probablement d'emblème à quelque Etablissement de Montde-Piété. Diam. M. 0.17.

École ombrienne du XV° siècle.",documents/BO0624_4482
84,83,"## 83. La Vierge, l'Enfant et Saint Jean.","## 83. La Vierge, l'Enfant et Saint Jean.

Dans un paysage, la Vierge est assise tenant le divin Enfant sur ses genoux. A ses côtés Saint Jean enfant agenouillé. Peinture sur panneau circulaire. Cadre à guirlande en bois doré et sculpté. Diam. M. 0.85.

## École florentine du XV° siècle.",documents/BO0624_4482
85,84,## 84. Assomption de Marie Madeleine.,"## 84. Assomption de Marie Madeleine.

La sainte est représentée nue, couverte en partie par une riche et longue chevelure. Quatre anges la soutiennent; un cinquième porte le calice et la Sainte hostie. Dans le bas on voit un paysage ondulé de collines. Bois. 0.50 X 0.35-

École italienne du XV° siècle.",documents/BO0624_4482
86,85,Saint Dominique lisant.,"85. Saint Dominique lisant.

Bois.

## École de Sienne du XV° siècle.
## École florentine du XVI siècle.",documents/BO0624_4482
87,86,La Vierge et l'Enfant.,"86. La Vierge et l'Enfant.

Agenouillée, les mains jointes elle adore l'Enfant étendu nu sur un pan de sa robe. Fond de paysage. Beau tableau de collection. Bois. Cadre doré. 0.65 X 0.58.",documents/BO0624_4482
88,87,Figure de sainte.,"87. Figure de sainte.

Toile. Cadre bois noir biseauté.

## École italienne du XVI siècle.",documents/BO0624_4482
89,88,La Résurrection et la Mise au tombeau. 00 X 0.58.,"88. La Résurrection et la Mise au tombeau.

Ebauche sur bois.

0.45 X 0.35. 1.00 X 0.58.

## École italienne du XVII° siècle.",documents/BO0624_4482
90,89,La tête de Saint Jean placée sur un plat d'argent. A côté une croix et une banderole avec l'inscription: Ecce Agnus Dei. Toile. Cadre doré et sculpté. 0.80 X 0.63:,89. La tête de Saint Jean placée sur un plat d'argent. A côté une croix et une banderole avec l'inscription: Ecce Agnus Dei. Toile. Cadre doré et sculpté. 0.80 X 0.63:,documents/BO0624_4482
91,90,Portrait du Pape Paul V Borghese (I605-1621).,"90. Portrait du Pape Paul V Borghese (I605-1621).

Le pontife est assis dans un large et riche fauteuil à dossier droit recouvert en velours cramoisi, orné de franges d'or et de bossettes. Il porte par dessus l'aube une pélerine de velours garnie d'hermine; un béret de même étoffe lui couvre la tête. Les bras posent sur les accotoirs. Toile. Cadre doré et sculpté. 1.05 X I.18.

## Ecole vénitienne du XVII° siècle.",documents/BO0624_4482
92,91,Marie Madeleine.,"91. Marie Madeleine.

La pécheresse vêtue d'un riche costume, se dépouille de ses bijoux. Toile octogone. 0.80 X 0.67-",documents/BO0624_4482
93,92,La robe de Joseph présentée à Jacob.,"92. La robe de Joseph présentée à Jacob.

Le patriarche, vêtu à l'orientale, à la vue de la robe ensan-

- glantée de son fils, que lui présente un des frères de Joseph,
laisse éclater sa douleur. Rachel, sa femme, les mains jointes pleure aussi la mort de son enfant. Toile. Cadre doré et sculpté. 1.28 X 0.99.

## Ecole italienne du XVII* siècle.",documents/BO0624_4482
94,93,Diane découvrant la grossesse de Calisto.,"93. Diane découvrant la grossesse de Calisto.

Diane et ses nymphes se préparent à se baigner dans un frais ruisseau. Calisto tardant à se dévêtir est entourée par ses compagnes qui lui enlèvent ses vêtements. Toile. 1.28 X I.51.

## Ecole napolitaine du XVII* siècle.",documents/BO0624_4482
95,94,Le martyre de Saint Laurent.,"94. Le martyre de Saint Laurent.

Large composition où se meuvent une quantité de figures. Fond de ruines d'architecture. Dans le haut le Christ entouré d'anges dont un porte la palme. Bois. Cadre doré et sculpté. 0.74 X 0.36.",documents/BO0624_4482
96,95,Lapidation de Saint Etienne.,"95. Lapidation de Saint Etienne.

Composition faisant pendant au N.° précédent.",documents/BO0624_4482
97,96,Le Couronnement d'épines. 38 X 0.98.,"96. Le Couronnement d'épines.

Mêmes dimensions.

Le Christ est assis les mains liées, au milieu de soldats et d'une populace qui l'outrage. Toile. Cadre doré et sculpté. 1.38 X 0.98.

## Ecole italienne du XVII® siècle.",documents/BO0624_4482
98,97,La Tentation de Saint Antoine.,"97. La Tentation de Saint Antoine.

L'anachorète de la Thébaide est tenté par le démon sous les formes d'une femme qui soulève son voile. Toile. Cadre doré et sculpté. 1.23 X 0.98.",documents/BO0624_4482
99,98,Portrait de magistrat.,"98. Portrait de magistrat.

Demie figure. Ce personnage vêtu de la robe, tient de la main droite un code ouvert placé devant lui, sur une table recouverte d'un tapis vert; l'autre main tient les gants et des feuillets. A gauche on lit; PRACOSUL. QVATER. ETAT. AN. LXV. AN. M.D.XXIII. Bois. Cadre bois doré.

0.80 X 1.08.
## Ecole romaine du XVIII° siècle.",documents/BO0624_4482
100,99,Deux médaillons ovales.,"99. Deux médaillons ovales.

ment doré. Paysages avec cours d'eau et cascade. Gouache. Encadre-

## Ecole napolitaine:",documents/BO0624_4482
101,100,Paysage avec pêcheurs à la ligne. di. L'Adoration des Mages.,"100. Paysage avec pêcheurs à la ligne.

Toile.

## Ecole napolitaine du XVII° siècle. - 100 di. L'Adoration des Mages.

Bois. Cadre noir biseauté.

## Ecole de Parme.",documents/BO0624_4482
102,101,Vierge à l'Enfant.,"101. Vierge à l'Enfant.

Assise dans un paysage boisé. Bois. 0.30 X 0.22.

## Ecole de Ferrare.",documents/BO0624_4482
103,102,Le mariage de Sainte Catherine.,"102. Le mariage de Sainte Catherine.

La Vierge tient l'Enfant sur les genoux, qui passe l'anneau au doigt de Sainte Catherine. Saint Joseph les mains jointes, complète cette composition pleine de douceur et d'une grâce exquise. Bois. Cadre doré. 0.66 X 0.55-

## Ecole Lombarde.

Diam. 0.75.

0.50 X 0.43.

0.28 X 0.24.",documents/BO0624_4482
104,103,Lucrèce romaine.,"103. Lucrèce romaine.

L'héroïne est représentée de face, le torse nu, le bras gauche replié retient les plis d'un manteau, tandis que la main cherche l'endroit propice où le fer doit plonger. Bois. Cadre bois doré et sculpté. 0.68 X 0.56.",documents/BO0624_4482
105,106,Nature morte.,"106. Nature morte.

Trophées de gibier; lièvres, outardes, canards sauvages, bécasses, grives, etc. Toile. 2.00 X 1.45-",documents/BO0624_4482
106,107,Nature morte.,"107. Nature morte.

Trophées de pêche. Toile. Pendant.",documents/BO0624_4482
107,108,Portrait de patricien.,"108. Portrait de patricien.

Toile sans encadrement.",documents/BO0624_4482
108,109,La Déposition.,"109. La Déposition.

Le corps inanimé du Sauveur est étendu sur son linceul; la tête repose sur les genoux de la Sainte Mère. Près d'elle on voit Marie Madeleine. Deux angelots montrent les blessures des mains et des pieds. Toile. 0.40 X 0.65-

## 110. Fleurs.

Deux peintures. Formant pendant. Toile.

## Ecole de Bologne.",documents/BO0624_4482
109,104,Sainte Catherine de Sienne.,"104. Sainte Catherine de Sienne.

Demie figure; les yeux levés au ciel; un livre ouvert placé

devant elle. Toile. Cadre doré. 0.55 X 0.40.",documents/BO0624_4482
110,105,Diane chasseresse.,"105. Diane chasseresse.

La déesse est représentée souriante, la tête coiffée d'une étoffe dont les plis lui tombent sur les épaules. Elle porte un corsage échancré sur la poitrine. D'une main elle caresse la tête d'un levrier, de l'autre elle tient l'arc. Toile. 0.97 X 0.73-

## Ecole italienne.

0.92 X 0.74.",documents/BO0624_4482
111,1,20 X 1.65.,"1.20 X 1.65.
## ECOLE FRANÇAISE.

## Ecole française du XVIIIe siècle.",documents/BO0624_4482
112,111,Beau portrait de jeune homme.,"111. Beau portrait de jeune homme.

Drapé dans un manteau marron; la chemise échancrée laisse voir les attaches du cou. La tête est coiffée d'un toquet

Louis XV. Bois. Cadre médaillon. 0.75 X 0.60.

## Lebrun Charles, 1619-1690 (Ecole de).",documents/BO0624_4482
113,112,Figure de femme.,"112. Figure de femme.

A mi-corps; abondante chevelure noire qui lui descend sur les épaules. Une draperie retenue sur le bras découvre le sein. De la main gauche elle tient une coupe de cristal. Dans le fond on devine un vase en métal. Bois. Cadre doré. 0.70 X 0.54.

## ECOLE ANGLAISE.

## Ecole anglaise du XVII siècle.",documents/BO0624_4482
114,II3,"Portrait a mi-buste de jeune homme en costume du temps de Charles Ier. De la main gauche il tient une écuelle, de l'autre la cuillère en argent.","- II3. Portrait a mi-buste de jeune homme en costume du temps de Charles Ier. De la main gauche il tient une écuelle, de l'autre la cuillère en argent.
- Toile. Cadre doré. 0.80 X 0.03·

## GRAVURES ET ESTAMPES.

Fr. Ant. Lorenzini,",documents/BO0624_4482
115,114,Moise frappant le rocher.,"114. Moise frappant le rocher.

Gravure.
## Piroli Tommaso.",documents/BO0624_4482
116,I15,L'Amour taillant son arc. Gravure d'après le Corrège de la Galerie du Belvedere à Vienne. Sans marge. 0.31 X 0.20.   |                                                                                                              |,"| I15. L'Amour taillant son arc. Gravure d'après le Corrège de la Galerie du Belvedere à Vienne. Sans marge. 0.31 X 0.20.   |                                                                                                              |
|---------------------------------------------------------------------------------------------------------------------------|--------------------------------------------------------------------------------------------------------------|",documents/BO0624_4482
117,116,Cour d'un chateau avec vue sur les prisons Estampe d'après J. G. Bibiena.                                            | 0.35 X 0.47.                                                                                                 |,| 116. Cour d'un chateau avec vue sur les prisons Estampe d'après J. G. Bibiena.                                            | 0.35 X 0.47.                                                                                                 |,documents/BO0624_4482
118,117,Les disciples d'Emmaüs. Gravure sans marge.                                                                          | 0.25 X 0.17.                                                                                                 |,| 117. Les disciples d'Emmaüs. Gravure sans marge.                                                                          | 0.25 X 0.17.                                                                                                 |,documents/BO0624_4482
119,118,Diane et Endymion. Gravure. Epreuve tachée sans marge d'après le Titien.                                             |                                                                                                              |,| 118. Diane et Endymion. Gravure. Epreuve tachée sans marge d'après le Titien.                                             |                                                                                                              |,documents/BO0624_4482
120,I19,Le Repos en Egypte. Gravure sans marge. 0.12 X 0.16.                                                                 | 0.11 X 0.17.                                                                                                 |,| I19. Le Repos en Egypte. Gravure sans marge. 0.12 X 0.16.                                                                 | 0.11 X 0.17.                                                                                                 |,documents/BO0624_4482
121,120,Tête de Vieillard. Estampe. Epreuve en lithographie.                                                                 | 0.18 X 0.17.                                                                                                 |,| 120. Tête de Vieillard. Estampe. Epreuve en lithographie.                                                                 | 0.18 X 0.17.                                                                                                 |,documents/BO0624_4482
122,121,"L'Invention de la Sainte Croix. Gravure. Epreuve cintrée dans le haut, sans marge. Fati- guée.                       | 0.53 X 0.34.                                                                                                 |","| 121. L'Invention de la Sainte Croix. Gravure. Epreuve cintrée dans le haut, sans marge. Fati- guée.                       | 0.53 X 0.34.                                                                                                 |",documents/BO0624_4482
123,122,Chasse à courre. Estampe sans marge.                                                                                 | 0.26 X 0.3 1.                                                                                                |,| 122. Chasse à courre. Estampe sans marge.                                                                                 | 0.26 X 0.3 1.                                                                                                |,documents/BO0624_4482
124,123,| 123. Loth et ses filles. Gravure sans marge.                                                                          ,"| 123. Loth et ses filles. Gravure sans marge.                                                                              | 0.26 X 0.31.                                                                                                 |
| Bonato Pietro.",documents/BO0624_4482
125,124,| 124. Herminie et Tancrède. Episode de la « Jérusalem délivrée » . Estampe. D'après le Guerchin. 0.46 X 0.51. |,| 124. Herminie et Tancrède. Episode de la « Jérusalem délivrée » . Estampe. D'après le Guerchin. 0.46 X 0.51. |,documents/BO0624_4482
126,125,Bacchus.,"125. Bacchus.

Estampe. Epreuve fatiguée.

## Mogalli Cosme.

- i26. Adam pleurant la mort d'Abèle.

Estampe d'après Charles Lolli de la Galerie de Florence. Epreuve sans marge. 0.38 X 0.46.",documents/BO0624_4482
127,127,Vue du Village de Saint Remy.,"127. Vue du Village de Saint Remy.

Gravure à l'acquatinta.

## Rugendas.",documents/BO0624_4482
128,128,Meute de chiens.,"128. Meute de chiens.

Gravure à l'acquatinta.

## Barocci Frédéric, 1528-1612.",documents/BO0624_4482
129,129,L'Annonciation.,"129. L'Annonciation.

Eau-forte d'après l'original exécuté pour Notre Dame de

Lorète. Avec marge. 0.44 X 0.31.

## Dessin à la sanguine.",documents/BO0624_4482
130,130,"Figure d'homme, attribué à Annibal Caracci.","130. Figure d'homme, attribué à Annibal Caracci.

Encadrement laqué et polychromé dans le style japonais. Au revers l'annotation: Annibale Caracci Donato al sig. Virgilio Coccina dal Padre Priore Nicolas Barbagni.",documents/BO0624_4482
131,131,Belle eau-forte.,"131. Belle eau-forte.

Scène champêtre. Encadrement en bois sculpté blanc et or 0.24 X 0.20.

décoré de têtes d'angelots.",documents/BO0624_4482
132,132,Eau-forte.,"132. Eau-forte.

Sujet historique. Encadrement ancien en bois doré et sculpté du XVII siècle, 0.40 X 0.50.

0.32 X 0.35.

0.36 X 0.48.

0.41 X 0.51.
## Nanteuil Robert — 1630-1678.",documents/BO0624_4482
133,I33,Portrait d'un grand pensionnaire hollandais.,"I33. Portrait d'un grand pensionnaire hollandais.

Gravure signée et datée 1653 avec marge. Cadre en bois. 0. 38 X 0.30.

## Morghen Raphaël — 1758-1833.",documents/BO0624_4482
134,134,Portrait équestre du Marquis de Moncada.,"134. Portrait équestre du Marquis de Moncada.

Gravure d'après le tableau de Van Dyck. Exemplaire avec grande marge. 0.55 X 0.42.

## OBJETS DIVERS.",documents/BO0624_4482
135,135,La Vierge des douleurs.,"135. La Vierge des douleurs.

Tapisserie des Gobelins. Demie-figure. Encadrement en bois doré surmonté d'un fronton. 0.80 X 0.67.",documents/BO0624_4482
136,136,Ecce-Homo.,"136. Ecce-Homo.

Tapisserie soie et laine des Gobelins d'une grande finesse d'exécution. Beau cadre en bois doré et sculpté à bustes de génies. La tapisserie est du XVI° siècle, le cadre est moins ancien. Pièce des plus remarquables, 0.54 X 0.40.",documents/BO0624_4482
137,137,Rosace de vitrail.,"137. Rosace de vitrail.

Au centre la Vierge et l'Enfant au milieu des nuages dans un guirlande de fruits dans le style de la Robbia. Petit médaillon accolé avec une fontaine de Miséricorde. Travail italien du XVI siècle. Diam. 0.50.",documents/BO0624_4482
138,138,Epée allemande.,"138. Epée allemande.

Quillons et pas-d'âne en fer ciselé à petits médaillons à sujets. Comm. du XVIIe siècle. Long. de la lame: I™.",documents/BO0624_4482
139,139,Belle Rapière espagnole.,"139. Belle Rapière espagnole.

Garde à corbeille ajourée, quillons droits. Lame de Tolède. Fin du XVI siècle. Long. 1.10.",documents/BO0624_4482
140,140,Etui.,"140. Etui.

Email sur cuivre. Médaillons avec petites peintures à pay- sages; applications d'or. Louis XV.

Cuivre argenté et repoussé appliqué sur velours fauve. Fin",documents/BO0624_4482
141,141,Devant d'autel. du XVIIe siècle.,141. Devant d'autel. du XVIIe siècle.,documents/BO0624_4482
142,142,Pied d'une Croix processionnelle.,"142. Pied d'une Croix processionnelle.

Métal repoussé et argenté. XVII° siècle.",documents/BO0624_4482
143,143,Pharmacie portative.,"143. Pharmacie portative.

Renfermée dans une boîte, de forme cubitale, décorée de

- petits damiers en os et palissandre ainsi que de ferrures.",documents/BO0624_4482
144,144,Pyxide. voire tourné. Travail italien du XVIIe siècle.,144. Pyxide. Ivoire tourné. Travail italien du XVIIe siècle.,documents/BO0624_4482
145,145,Le Christ à la colonne.,"145. Le Christ à la colonne.

Statuette en ivoire d'un seul morceau. Travail italien du XVIIe siècle. (Provient de la collection du comte Jérôme Haut. 0.23.

Possenti de Fabriano).",documents/BO0624_4482
146,146,Le Couronnement d'épines.,"146. Le Couronnement d'épines.

Gravure sur ivoire. Beau travail italien du XVI siècle.",documents/BO0624_4482
147,147,Marie Madeleine dans le desert.,"147. Marie Madeleine dans le desert.

0.15 X o.10.

Miniature sur parchemin. Cadre en bois noir et écaille.",documents/BO0624_4482
148,148,Peinture sur verre. Diane et Calisto. Médaillon ovale.,"148. Peinture sur verre. Diane et Calisto. Médaillon ovale.

0.22 X 0.18.",documents/BO0624_4482
149,149,Echiquier. En marqueterie d'ébène et d'ivoire avec incrustations polychromes. Avec 25 pions. XVII° siècle.,"149. Echiquier. En marqueterie d'ébène et d'ivoire avec incrustations polychromes. Avec 25 pions. XVII° siècle.

Haut. 0.90.

Haut. 0.32.
## MARBRES.",documents/BO0624_4482
150,150,"Buste de Molière (J.-B. Poquelin, dit).","150. Buste de Molière (J.-B. Poquelin, dit).

Marbre de Carrare sur piédouche.

Haut. 0.80.",documents/BO0624_4482
151,151,Buste de Racine Jean. Marbre de Carrare sur piédouche. Haut. 0.80.,151. Buste de Racine Jean. Marbre de Carrare sur piédouche. Haut. 0.80.,documents/BO0624_4482
152,152,Deux colonnes cylindriques.,"152. Deux colonnes cylindriques.

Le fût est en marbre rouge antique; la base en marbre de Carrare. (Lot à diviser). Haut. 1.20.

Bernini (Ecole de) - Comm. du XVIII° siècle.",documents/BO0624_4482
153,153,Minerve.,"153. Minerve.

Représentée casquée et armée de la cuirasse; la main droite soulevée tenait la hampe de la lance qui manque.

Statue en marbre. Haut. 1.10.",documents/BO0624_4482
154,154,Mercure.,"154. Mercure.

Complètement nu, appuyé à un tronc d'arbre. La tête coiffée du chapeau ailé. Statue en marbre. Haut. 1.10.",documents/BO0624_4482
155,155,- Diane.,"- 155.
- Diane.

Le corps nu à peine voilé par une draperie. Elle porte en bandoulière le carquois rempli de flèches. Statue en marbre.",documents/BO0624_4482
156,156,Apollon.,"156. Apollon.

Haut. 1.10.

Réprésenté nu; sur l'épaule gauche une draperie retenue sus le bras. D'une main il tient la lyre. Sur la tête il porte une couronne de laurier. Statue en marbre. Haut. 1.10.",documents/BO0624_4482
157,157,Bas-relief quadrangulaire.,"157. Bas-relief quadrangulaire.

Sainte famille. Marbre.

Larg. 0.33-",documents/BO0624_4482
158,158,Buste de femme.,"158. Buste de femme.

Marbre sur piédouche.",documents/BO0624_4482
159,159,Deux médaillons circulaires.,"159. Deux médaillons circulaires.

Tête d'impératrice et d'empereur romain. Encadrement en en bois noir.",documents/BO0624_4482
160,160,Lion couché.,"160. Lion couché.

Sur le dos il porte un enfant qui lui donne à boire. Fragment de sculpture ancienne en marbre.",documents/BO0624_4482
161,161,Buste d'homme.,"161. Buste d'homme.

Coiffée d'un serre-tête; un manteau drapé sur l'épaule. Marbre antique sur piédouche. Haut. 0.70.",documents/BO0624_4482
162,162,Statuette de Vénus.,"162. Statuette de Vénus.

Sculpture mutilée, manquant seulement des bras et des pieds. Marbre.",documents/BO0624_4482
163,163,Terme à double face.,"163. Terme à double face.

Buste personnifiant Janus. Marbre.",documents/BO0624_4482
164,164,Urne cinéraire.,"164. Urne cinéraire.

Forme rectang. Marbre sculpté et décoré de têtes de bé- liers, d'oiseaux et de guirlande. Cartouche renfermant une inscription latine. Sans couvercle. Epoque romaine.

- Buste du Sauveur.

0.19 X 0.30.

Bas-relief. Marbre. Inscription A. KAAQ. Art grec de la dernière époque. 0.25 X 0.38.

## Bernini (Ecole de).",documents/BO0624_4482
165,166,Trois têtes de Séraphins.,"166. Trois têtes de Séraphins.

Marbre (un est brisé). XVII° siècle.",documents/BO0624_4482
166,167,Ibis. M. 0.60.,"167. Ibis.

Oiseau sacré des Egyptiens. Granit gris cendré. - 165.

M. 0.60.",documents/BO0624_4482
167,168,Deux petites colonnes.,"168. Deux petites colonnes.

Marbre antique dit: Cipollino. Bases et chapiteaux M. 1.00.

marbre de Carrare.",documents/BO0624_4482
168,169,Deux médaillons ovales. Représentant en relief Platon et Hippocrate.,169. Deux médaillons ovales. 2. Représentant en relief Platon et Hippocrate.,documents/BO0624_4482
169,170,Deux médaillons ovales. Têtes d'hommes. Marbre.,170. Deux médaillons ovales. Têtes d'hommes. Marbre.,documents/BO0624_4482
170,171,Tête d'enfant. Fragment de sculpture en marbre.,"171. Tête d'enfant. Fragment de sculpture en marbre.

En forme de navire. Montée sur piédestal. Sculpture en",documents/BO0624_4482
171,172,Petite vasque marbre.,172. Petite vasque marbre.,documents/BO0624_4482
172,173,Petit fragment.,"173. Petit fragment.

Torse de guerrier. Marbre.",documents/BO0624_4482
173,174,Tête de femme. Sculpture en tuf. Sur piédouche.,174. Tête de femme. Sculpture en tuf. Sur piédouche.,documents/BO0624_4482
174,175,Deux statuettes.,"175. Deux statuettes.

Ex-voto en terre cuite: figurines de femmes drapées dans",documents/BO0624_4482
175,176,Plaque circulaire.,"176. Plaque circulaire.

un échiquier. Marbres polychromes placés symétriquement et entourant Diam. 0.35.

- Urne cinéraire.",documents/BO0624_4482
176,177,De forme carrée. Sur le devant cartouche avec inscription entouré de motifs de rosaces. Avec couvercle. Marbre de fouille. 0.30 X 0.30.,"- 177.

De forme carrée. Sur le devant cartouche avec inscription entouré de motifs de rosaces. Avec couvercle. Marbre de fouille. 0.30 X 0.30.",documents/BO0624_4482
177,178,Urne cinéraire.,"178. Urne cinéraire.

De forme carrée avec couvercle. Sur le devant un cartouche avec inscription et guirlande soutenue par deux mascarons.

Marbre de fouille. 0.38 X 0.31.",documents/BO0624_4482
178,179,Vase étrusque.,"179. Vase étrusque.

« Cratère » à deux anses. Décoration en plein à figures sur fond noir. Terre cuite. M. 0.29.",documents/BO0624_4482
179,180,Médaillon ovale.,"180. Médaillon ovale.

En marbre représentant Calpurnia femme de César.",documents/BO0624_4482
180,181,Urne cinéraire.,"181. Urne cinéraire.

De forme rectangulaire. Sur le devant cartouche avec inscription et ornementation à oiseaux, vase et fleurs. Les côtés latéraux sont cannelés. Marbre provenant des fouilles.

0.35 X 0.40.",documents/BO0624_4482
181,182,Médaillon ovale.,"182. Médaillon ovale.

Marbre représentant en relief le buste d'Aristote.",documents/BO0624_4482
182,183,Fragment,"183. Fragment

de fouilles. de chambranle de porte ou montant de cheminée. Marbre Long. 0.68.",documents/BO0624_4482
183,184,Urne cinéraire.,"184. Urne cinéraire.

Sur le devant un cartouche avec inscription entouré d'une guirlande des fruits et d'oiseaux. Sur les côtés des génies sur des aigles. Marbre de fouilles. 0.23 X 0.35·",documents/BO0624_4482
184,185,Médaillon circulaire.,"185. Médaillon circulaire.

Profil de pontife. Marbre.",documents/BO0624_4482
185,186,Deux fragments de tombe romaine. 10 X 0.48.,"186. Deux fragments de tombe romaine.

Composée de deux montants en forme de piédestal avec base et corniche. Sur le tronc, groupes de chevaux sculptés en ronde bosse. Marbre grec. Epoque romaine. 1.10 X 0.48.",documents/BO0624_4482
186,187,Urne cinéraire.,"187. Urne cinéraire.

De forme rectangulaire, ornée sur trois côtés de branches de laurier sculptées à relief. Sur le devant un cartouche avec inscription. 0.26 X 0.95-",documents/BO0624_4482
187,188,Vase.,"188. Vase.

| De forme presque sphérique, avec deux petites anses et couvercle. La partie supérieure est décorée de quatre figurines   |
|--------------------------------------------------------------------------------------------------------------------------|",documents/BO0624_4482
188,189,Ecusson de siège vacant. Clefs sans têtes et ombelle. Marbre du XVII® siècle. M. 0.50°                              |,| 189. Ecusson de siège vacant. Clefs sans têtes et ombelle. Marbre du XVII® siècle. M. 0.50°                              |,documents/BO0624_4482
189,190,Ecusson avec armoiries. Au lion rempant à gauche avec une tasse. XV° siècle. M. 0.32.                               |,| 190. Ecusson avec armoiries. Au lion rempant à gauche avec une tasse. XV° siècle. M. 0.32.                               |,documents/BO0624_4482
190,191,Tête de femme voilée. Marbre provenant de quelque monument funéraire du XVI® siècle. Haut. 0.34.                    |,| 191. Tête de femme voilée. Marbre provenant de quelque monument funéraire du XVI® siècle. Haut. 0.34.                    |,documents/BO0624_4482
191,192,Tête de Junon. Marbre provenant des fouilles. Haut. 0.45.                                                           |,| 192. Tête de Junon. Marbre provenant des fouilles. Haut. 0.45.                                                           |,documents/BO0624_4482
192,193,Deux petits écussons. Marbre. XVIIe siècle.                                                                         |,| 193. Deux petits écussons. Marbre. XVIIe siècle.                                                                         |,documents/BO0624_4482
193,194,Tête de femme souriante. Marbre. XVI° siècle. Haut. 0.42.                                                           |,| 194. Tête de femme souriante. Marbre. XVI° siècle. Haut. 0.42.                                                           |,documents/BO0624_4482
194,195,"Ecusson, ovale. Provenant de quelque abbaye. Cimier formé par une tête d'ange. Marbre. XVII siècle. Haut. 0.85•     |","| 195. Ecusson, ovale. Provenant de quelque abbaye. Cimier formé par une tête d'ange. Marbre. XVII siècle. Haut. 0.85•     |",documents/BO0624_4482
195,196,Tête d'enfant. Sculpture en ronde-bosse. Marbre.                                                                    |,| 196. Tête d'enfant. Sculpture en ronde-bosse. Marbre.                                                                    |,documents/BO0624_4482
196,197,Main en marbre. Provenant des fouilles.                                                                             |,| 197. Main en marbre. Provenant des fouilles.                                                                             |,documents/BO0624_4482
197,198,Tête en relief de Jupiter Olympien. Marbre provenant des fouilles.                                                  |,| 198. Tête en relief de Jupiter Olympien. Marbre provenant des fouilles.                                                  |,documents/BO0624_4482
198,199,Petit buste de femme.,"199. Petit buste de femme.

Marbre provenant des fouilles. Piédouche en marbre rouge.",documents/BO0624_4482
199,200,Apôtre.,"200. Apôtre.

Haut. 0.25.

Bas-relief en marbre avec traces de polychromie et de dorure. La statuette est placée dans une niche dont la voûte est formée par une coquille. XVI siècle. 0.60 X 0.32.",documents/BO0624_4482
200,201,Bras.,"201. Bras.

Fragment de statue. Le bras est armé d'un bouclier portant la tête de Méduse. Marbre.

## ETOFFES.",documents/BO0624_4482
201,202,Couverture de lit.,"202. Couverture de lit.

Taffetas pékin saumon et vert à rayures irrégulières et à dessin rubans bleu enguirlandés et fleuris. Avec volant. Louis XV. 1.90 X 200.",documents/BO0624_4482
202,203,Petit tapis.,"203. Petit tapis.

Broché à gros bouquets jetés sur fond de satin bleu Saxe.

Petit galon jaune à frange. 1.05 X 0.95.",documents/BO0624_4482
203,204,Petit tapis.,"204. Petit tapis.

Brocart polychrome à gros bouquets de pivoines sur fond broché prune foncé. Bordure à petit galon or. 1.00 X 0.75.",documents/BO0624_4482
204,205,Petit tapis de guéridon.,"205. Petit tapis de guéridon.

Brocart vert faconné. Contourné d'un galon maïs formant bordure. 0.84 X 0.73.",documents/BO0624_4482
205,206,"Toile peinte. mitation de tapisserie flamande. Sous un portique de style Renaissance on voit une figure de femme. Fond de verdure, mélangée de fruits. 3·30 X 1.40.","206. Toile peinte. Imitation de tapisserie flamande. Sous un portique de style Renaissance on voit une figure de femme. Fond de verdure, mélangée de fruits. 3·30 X 1.40.",documents/BO0624_4482
206,207,Portière avec baldaquin.,"207. Portière avec baldaquin.

Velours cramoisi. Ecusson pour armoiries, formé de broderie appliquée. Le baldaquin droit est en application de satin polychrome. XVIII® siècle. 3.75 X 1.80.",documents/BO0624_4482
207,208,Housse de selle.,"208. Housse de selle.

Velours vieux bleu et riche broderie argent à relief. Fontes à pistolets assorties. XVII® siecle.",documents/BO0624_4482
208,209,Housse de selle.,"209. Housse de selle.

Drap bleu garni de galons argent; doublure en cuir. Fontes

à pistolets assorties.",documents/BO0624_4482
209,210,Housse de selle.,"210. Housse de selle.

Velours cramoisi et galon argent. Doublure en cuir.",documents/BO0624_4482
210,21,I. Couverture.,"- 21I. Couverture.

Beau brocart de soie vieux rose, dessins à bouquets et rubans lamés d'or et d'argent. Louis XV. 1.60 X 1.60.",documents/BO0624_4482
211,212,Tapis de table.,"212. Tapis de table.

Broderie en soie au point à la croix. Motif oriental à dessins géométriques. Bordure formée par une branche enroulée de feuillage. Armoiries dans les angles. XVII° siècle.",documents/BO0624_4482
212,213,Bordure à festons.,"213. Bordure à festons.

or. Velours de soie cramoisi et galons or appliqués. Belle frange Long. 6.65.",documents/BO0624_4482
213,214,Bordure à festons.,"214. Bordure à festons.

Velours de soie cramoisi et galon or appliqué formant dessin. Belle frange or. Louis XIV.",documents/BO0624_4482
214,215,Couverture.,"215. Couverture.

en soie beige. Brocart vert et jaune sur fond vieux rose. Galon or; doublure 1.74 X 1.61.

Long. mètres 3.50 sur 0.24 de haut.",documents/BO0624_4482
215,216,Tapis de table.,"216. Tapis de table.

Beau brocart à rayures régulières à ruban et bouquets brochés d'argent. Fond bleu foncé. Beau galon argent formant bordure. Louis XV. 1.57 X 1.74.",documents/BO0624_4482
216,217,Deux panneaux.,"217. Deux panneaux.

Applications d'étoffe coloriée sur satin rouge. Motifs de vases de fleurs. Avec perroquets.",documents/BO0624_4482
217,218,Huit panneaux de broderie.,"218. Huit panneaux de broderie.

Application de toile d'or sur fond de satin rouge. Dessin à

entrelacs. M. 20.40 environ.",documents/BO0624_4482
218,219,Damas rouge.,"219. Damas rouge.

## AMEUBLEMENT.",documents/BO0624_4482
219,220,Magnifique table.,"220. Magnifique table.

En ébène et incrustations en pierres dures et plaques d'ivoire gravé. Le médaillon central, œuvre de Pazzi, représente le triomphe d'Amphitrite. Les autres médaillons sont décorés des Sybilles de Raphaël, des Mois de l'année et les grands hommes l'Italie. Travail digne d'exposition exécuté par Gatti dans le style Renaissance.",documents/BO0624_4482
220,221,Coffre de mariage.,"221. Coffre de mariage.

En bois de noyer sculpté, en forme de sarcophage decoré 1.59 X 0.49.

de godrons et de rosaces.",documents/BO0624_4482
221,222,Vitrine-bibliothèque.,"222. Vitrine-bibliothèque.

En bois de noyer sculpté. Montants décorés de cariatides surmontés d'un fronton. Deux vantaux. 2.64 X 1.50.

M. 22.",documents/BO0624_4482
222,223,Vitrine-bibliothèque.,"223. Vitrine-bibliothèque.

Comme la précédente.",documents/BO0624_4482
223,224,Deux glaces.,"224. Deux glaces.

Encadrement biseauté noir et or.",documents/BO0624_4482
224,225,Coffre de mariage. 55 X 0.49.,"225. Coffre de mariage.

En bois de noyer sculpté. Base godronnée, montée sur pattes de lion; décoration à panneaux avec armoiries. 1.55 X 0.49.",documents/BO0624_4482
225,226,Service de table.,"226. Service de table.

Porcelaine ancienne de Saxe à impression bleu, composé de: I soupière avec couvercle, 3 légumiers avec couvercles, 2 saucières avec couvercles et plats, 12 assiettes à potage, 48 assiettes, 6 plats de grandeur variée; total 72 pièces.",documents/BO0624_4482
226,22,7. Commode à panse.,"- 22.7. Commode à panse.

Bois de rose et palissandre. Dessus en marbre blanc cintré. A deux tiroirs à poignées de bronze. Louis XV. Long. 1.27.",documents/BO0624_4482
227,228,Bas-relief.,"228. Bas-relief.

Bois sculpté, décoré de lions et de guirlandes de fruits. Sur le cartouche central, le pélican symbolique. Traces de dorure. XVe siècle. Long: 1.33.",documents/BO0624_4482
228,229,Lavabo.,"229. Lavabo.

Cuvette en faience de Marseille à décoration de fleurs polychromes. Trépied vénitien en fer forgé. XVII® siècle.",documents/BO0624_4482
229,230,Deux tabourets.,"230. Deux tabourets.

Haut 0.87.

hongrois. Noyer tourné. Sièges recouverts en broderie de point",documents/BO0624_4482
230,231,Glace.,"231. Glace.

Encadrement finement sculpté à sujets de rinceaux mélangés de trophées, bambochades, grotesques, oiseaux et insectes. Style Renaissance italienne. Glace biseautée. Pièce ayant figuré à l'Exposition-Artistique-Industrielle. 1.22 X 1.08.

0.95 X 0.85-",documents/BO0624_4482
231,232,Deux chaises,"232. Deux chaises

en bois sculpté et verni noir. Dossier et siège recouverts en velours de laine frappé rouge.",documents/BO0624_4482
232,233,Canapè,"233. Canapè

à dossier contourné et à appuis-bras évasés. Recouvert complètement en cuir fauve imprimé en camaieux. XVIII® siecle. 00.2 X 0.50.",documents/BO0624_4482
233,234,Petit cabinet italien,"234. Petit cabinet italien

en bois sculpté. Sept tiroirs entourant un petit édicule en forme de portique. Long. 0.72 - Larg. 0.33 - Haut 0.4I.",documents/BO0624_4482
234,235,Grande table,"235. Grande table

rectangulaire. Pieds en forme de lyre. Bois noir fileté d'or. 1.87 X 0.92.",documents/BO0624_4482
235,236,Console,"236. Console

à entre-jambes en bois doré et sculpté. Dessus en marbre jaune antique de forme cintrée, arrondi sur le devant. Com.

du XVIII® siècle. 1.28 X 0.63.",documents/BO0624_4482
236,237,Deux escabeaux.,"237. Deux escabeaux.

Noyer sculpté. Dossiers avec armoiries.",documents/BO0624_4482
237,238,Deux petites consoles.,"238. Deux petites consoles.

Bois doré avec pieds contournés. Marbre cintré en jaune de Sienne. Louis XV. (Prov. de la coll. Morosini de Venise).

Haut 0.87.",documents/BO0624_4482
238,239,Cabinet italien.,"239. Cabinet italien.

En bois sculpté. Couvercle à rabat. L'intérieur présente la façade d'une habitation décorée de doubles colonnes et de gaînes superposees. 0.68 X 0.70.",documents/BO0624_4482
239,240,Paire de soubassements.,"240. Paire de soubassements.

Métal repoussé et argenté fin du XVIIe siécle.

Haut. 0.37.",documents/BO0624_4482
240,241,Cabinet italien.,"241. Cabinet italien.

En noyer sculpté; forme de petite commode à quatre tiroirs avec poignées. Montants décorés de cariatides. Fin du siècle XVII®® 0.55 X 0.67-",documents/BO0624_4482
241,242,Coffret rectangulaire.,"242. Coffret rectangulaire.

Noyer sculpté. Pieds à pattes de lion. XVII® siècle.",documents/BO0624_4482
242,243,Coffre à dossier (Cassone).,"243. Coffre à dossier (Cassone).

En noyer sculpté naturel. Accotoirs décorés en volutes de feuilles d'acanthes et terminant en têtes de dauphins. Dossier orné d'une frise à arabesques mêlées de griffons. Pieds en pattes de lion. Long. 1.70.",documents/BO0624_4482
243,244,Banquette à dossier.,"244. Banquette à dossier.

En noyer, sculpté naturel. La banquette porte des supports à volutes. Le dossier est décoré de trois panneaux, dont deux à sujet et celui du milieu avec armoiries. Les montants à cariatides supportent le couronnement vertical orné de denticules. Long. 1.65-",documents/BO0624_4482
244,245,Petit Cabinet,"245. Petit Cabinet

à tiroirs en ébène et ivoire. Les cinq sujets gravés sur les plaques d'ivoire représentent Adam et Eve au Paradis terrestre. Travail italien du XVI siècle. 0.35 X 0.23.",documents/BO0624_4482
245,246,Grand cabinet italien.,"246. Grand cabinet italien.

De forme rectang. en ébène et ivoire. La partie centrale présente la forme d'un édicule à doubles colonnes. Les sujets gravés sur les plaques d'ivoire sont tirés de la vie de Jésus. XVIIe siècle. 1.50 X 0.80.",documents/BO0624_4482
246,247,Console avec glace.,"247. Console avec glace.

De forme cintrée et arrondie sur le devant. Laque noire et or à sujets chinois. Dessus en marbre blanc. Long. 1.60.",documents/BO0624_4482
247,248,Commode.,"248. Commode.

En noyer; forme rectang. Décoration à baguettes d'oves et motifs d'applications en bronze doré. Long. 1.40.

0.27 X 0.42.",documents/BO0624_4482
248,249,Commode-bureau.,"249. Commode-bureau.

De forme droite en noyer avec incrustations à sujets et ornements d'os gravé. Devant à rabat. A quatre tiroirs.

Long. I.10.",documents/BO0624_4482
249,250,Berceau d'enfant.,"250. Berceau d'enfant.

De forme basse, rectangulaire en noyer sculpté à rinceaux et à godrons. Travail italien de la fin du XVI siècle.",documents/BO0624_4482
250,1,00 X 0.55.,1.00 X 0.55.,documents/BO0624_4482
251,25,1. Commode-bureau.,"- 25 1. Commode-bureau.

A panse, de forme cintrée; en noyer fileté de marqueterie. Long. 1.20.

Devant à rabat. A trois tiroirs.",documents/BO0624_4482
252,252,Petit bureau-coffret.,"252. Petit bureau-coffret.

Marqueterie d'ivoire gravé en or, décoration en écaille.

Travail hollandais du XVII siècle.",documents/BO0624_4482
253,253,Grande table-console.,"253. Grande table-console.

De forme rectangul. Bois doré et sculpté. Dessus en mar1.40 X 0.70.

bre jaune. Empire.",documents/BO0624_4482
254,254,Paire de Candelabres.,"254. Paire de Candelabres.

Formé par une cariatide de femme portant sur sa tête quatre flambeaux en bronze doré. La base cylindrique est en albâtre jaune et marbre noir. Empire.",documents/BO0624_4482
255,255,Deux bénitiers.,"255. Deux bénitiers.

Bois sculpté et doré. XVII® siècle et com. du XVIII siècle.",documents/BO0624_4482
256,256,Lot composé de trois petits cadres dont deux pendants. Bois sculpté et doré. XVII° siècle.,256. Lot composé de trois petits cadres dont deux pendants. 2. Bois sculpté et doré. XVII° siècle.,documents/BO0624_4482
257,257,Petite glace.,"257. Petite glace.

En forme de cartouche contourné. Bois doré et sculpté. Haut. 0.48.",documents/BO0624_4482
258,258,Chaise.,"258. Chaise.

A dossier droit. Noyer sculpté. XVIIe siècle.",documents/BO0624_4482
259,259,Paire de petites glaces vénitiennes.,"259. Paire de petites glaces vénitiennes.

Cadre en bois doré et sculpté. XVII® siècle. 0.98 X 0.53.",documents/BO0624_4482
260,260,Petite Glace.,"260. Petite Glace.

En forme de médaillon. Bois sculpté et doré. Première époque Louis XV.

0.80 X 0.43.",documents/BO0624_4482
261,261,Petite glace rectang. Beau cadre en bois doré et sculpté. Louis XIV. 0.55 X 0.50.,261. Petite glace rectang. Beau cadre en bois doré et sculpté. Louis XIV. 0.55 X 0.50.,documents/BO0624_4482
262,262,Grande coffre rectang.,"262. Grande coffre rectang.

En bois de noyer. Décoré de ferrures ajourées et de poignées en fer forgé. L'intérieur est à tiroirs à compartiments; l'ornementation est en marqueterie. Travail espagnol de la fin du XVI siècle.",documents/BO0624_4482
263,263,Dressoir.,"263. Dressoir.

En noyer sculpté. Montants à cariatides, soutenant la tablette à étagère. A deux vantaux. Long. 1.70, - larg. 0.63.",documents/BO0624_4482
264,264,Cadre.,"264. Cadre.

Bois doré et sculpté. 1.29 X 1.",documents/BO0624_4482
265,265,Cadre.,"265. Cadre.

Bois doré et sculpté. 1 X 0.75.",documents/BO0624_4482
266,266,Deux cadres à médaillon.,"266. Deux cadres à médaillon.

Bois sculpté et doré.",documents/BO0624_4482
267,267,Chaise.,"267. Chaise.

Bois doré et sculpté. Dossier et siège recouverts en velours frappé rouge. XVIIe siècle.",documents/BO0624_4482
268,268,Trois chaises. 05 X 0.55.,"268. Trois chaises.

Montants et pieds en bois noir tourné. Dossier surmonté d'un fronton doré et sculpté. Recouvertes en velours frisé rouge. XVIIe siècle. 1.05 X 0.55.

Haut. 1.15.",documents/BO0624_4482
269,269,Fauteuil à accotoirs. Bois de noyer. Recouvert en damas rouge.,"269. Fauteuil à accotoirs. Bois de noyer. Recouvert en damas rouge.

Bois de noyer. Dossier et siège recouverts en cuir. Orné",documents/BO0624_4482
270,270,Fauteuil à accotoirs. de bossettes en forme d'olives.,"270. Fauteuil à accotoirs. de bossettes en forme d'olives.

Bois de noyer. Dossier recouvert en cuir au petit fer. Orné",documents/BO0624_4482
271,271,Fauteuil à accotoirs. de bossettes. XVIIe siècle.,"271. Fauteuil à accotoirs. de bossettes. XVIIe siècle.

Bois de noyer sculpté décoré de rainures dorées. Dossier",documents/BO0624_4482
272,272,Cinq grands fauteuils. droit et accotoirs. XVII siècle.,272. Cinq grands fauteuils. droit et accotoirs. XVII siècle.,documents/BO0624_4482
273,273,Quatre grandes fauteuils. Comme les précédents mais sans dorure.,273. Quatre grandes fauteuils. 3. Comme les précédents mais sans dorure.,documents/BO0624_4482
274,274,Petite Console rectang. Pieds à balustre. Bois doré et sculpté. Dessus en marbre jaune antique. Fin du XVIIe siécle.,274. Petite Console rectang. Pieds à balustre. Bois doré et sculpté. Dessus en 5. marbre jaune antique. Fin du XVIIe siécle.,documents/BO0624_4482
275,275,"Belle commode a panse, à pieds de biche montés sur bronze. Trois tiroirs a poignées. Bois de rose, palissandre et marqueteries. Louis XV. 1.40 X 0.66.","275. Belle commode a panse, à pieds de biche montés sur bronze. Trois tiroirs a poignées. Bois de rose, palissandre et marqueteries. Louis XV. 1.40 X 0.66.",documents/BO0624_4482
276,276,Deux fauteuils à accotoirs. Bois de noyer. Recouverts de cuir décoré aux petits fers. Ornementation à bossettes. XVIIe siécle.,276. Deux fauteuils à accotoirs. Bois de noyer. Recouverts de cuir décoré aux petits fers. Ornementation à bossettes. XVIIe siécle.,documents/BO0624_4482
277,277,"Cabinet italien en noyer et parties dorées. A deux corps et devant à rabat. Décoration dite à bambocci, orné de ferrures. La partie inférieure est à bahut. XVIIe siècle.","277. Cabinet italien en noyer et parties dorées. A deux corps et devant à rabat. Décoration dite à bambocci, orné de ferrures. La partie inférieure est à bahut. XVIIe siècle.",documents/BO0624_4482
278,278,Deux supports-appliques. Bois doré et sculpté. Style Louis XIV. Haut. M. 0.35.,278. Deux supports-appliques. Bois doré et sculpté. Style Louis XIV. Haut. M. 0.35.,documents/BO0624_4482
279,279,La Fortune.,"279. La Fortune.

Petite peinture sur cuivre. Médaillon.",documents/BO0624_4482
280,280,Le Christ.,"280. Le Christ.

Petite peinture rectangulaire sur cuivre.",documents/BO0624_4482
281,281,Lot composé:,"281. Lot composé:

D'un petit cadre en ébéne et écaille. Deux petits cadres à miniatures en bronze coulé.",documents/BO0624_4482
282,282,Paire de petites glaces-appliques.,"282. Paire de petites glaces-appliques.

Riche encadrement de fleurs touffues. Bois sculpté et doré. XVIIe siècle. Haut. M. 0.57.",documents/BO0624_4482
283,283,Deux gaînes,"283. Deux gaînes

en forme de pilone. Bois doré et sculpté. XVII® siècle.

Haut. M. 1.25.",documents/BO0624_4482
284,284,Petit tabernacle.,"284. Petit tabernacle.

Bois sculpté et doré, commencement du XVII® siécle. Décoration à têtes d'angelots. Le panneau central à médaillon représente: Jésus au Jardin des Oliviers. Sculpturé sur bois. Au revers: Arnald De Marker f. cappuccino da Trento 1797. Haut. M. 0.54·",documents/BO0624_4482
285,285,Deux paires de montants de meuble.,"285. Deux paires de montants de meuble.

Noyer sculpté à cariatides, fruits et feuilles d'acanthe.",documents/BO0624_4482
286,286,Beau Bénitier.,"286. Beau Bénitier.

Les grands, haut. M. 0.95. Les petits, » » 0.80.

Encadrement bois doré et sculpté. Plaque en argent repoussé représentant la Vierge allaitant l'Enfant. Fin du XVIIe siècle. Haut. M. 0.50.",documents/BO0624_4482
287,287,Paire de petits cadres à miniatures.,"287. Paire de petits cadres à miniatures.

Bois doré et sculpté. Avec une petite peinture sur cuivre et une miniature sur ivoire.",documents/BO0624_4482
288,288,Angelot,"288. Angelot

sculpté a plein relief et doré. XVIIe siècle. Haut. M. 0.54.",documents/BO0624_4482
289,289,Paire de petites glaces-appliques.,"289. Paire de petites glaces-appliques.

Forme vénitienne avec biseaux. Bois doré et sculpté. Fin du XVII® siècle. Haut. M. 0.53.

Bois sculpté et doré, ayant fait partie d'un meuble. Com.",documents/BO0624_4482
290,290,Petit fronton. du XVIIe siècle.,290. Petit fronton. du XVIIe siècle.,documents/BO0624_4482
291,291,Caisse de pendule.,"291. Caisse de pendule.

XVIIe siècle. En forme de petit édicule. Bois décoré de marqueterie. Haut. M. 0.49.",documents/BO0624_4482
292,292,Console.,"292. Console.

Empire. Bois sculpté et doré. Dessus en marbre rouge tacheté. 0.95 X 1.59.",documents/BO0624_4482
293,293,Horloge avec cul-de-lampe. mitation d'écaille et bronzes dorés à motifs d'ornementation rocaille. Haut. totale: 1.10.,293. Horloge avec cul-de-lampe. Imitation d'écaille et bronzes dorés à motifs d'ornementation rocaille. Haut. totale: 1.10.,documents/BO0624_4482
294,294,Parois d'un petit boudoir chinois.,"294. Parois d'un petit boudoir chinois.

Bois marouflé de papier décoré. Ayant appartenu à la Reine Caroline, femme de Georges IV d'Angleterre.",documents/BO0624_4482
295,295,Cabinet,"295. Cabinet

rectangulaire avec fronton. Montants sculptés à figurines en haut-relief. Table-support à entre-jambes. Travail italien du 1.00 X 100.

XVIIe siècle.",documents/BO0624_4482
296,296,Meuble à deux corps.,"296. Meuble à deux corps.

en forme d'armoire. La partie supérieure qui est couronnée d'un fronton avec médaillon, présente deux vantaux avec glaces. La partie inférieure est à commode-secrétaire, avec tiroirs. XVII® siècle.

Long. M. 0.65.",documents/BO0624_4482
297,297,Deux tables,"297. Deux tables

rectangulaires en noyer. Les pieds sont à balustre cannelés. Empire. Proviennent de la bibliotèche de la Reine Caroline.",documents/BO0624_4482
298,298,Bibliothèques.,"298. Bibliothèques.

Formant un ensemble et se composant de cinq meubles dont deux grands, deux moyens et deux petits. Noyer sculpté, décoré de montants avec cariatides et motifs décoratifs. Empire. Formant la bibliothèque de Caroline, femme du Roi Georges IV d'Angleterre.

## FAIENCES.",documents/BO0624_4482
299,299,Plat.,"299. Plat.

Décor polychrome en plein à sujet pastoral. Le bord est orné de sirènes, d'oiseaux et de génies et d'une armoirie.

Faïence des Abruzzes. Encadrement doré.",documents/BO0624_4482
300,300,Plat creux.,"300. Plat creux.

Représentant l'Adoration des Bergers. Décor en plein en polychromie. Urbino, fabrique Patanasso. Encadrement noir et or. Diam. 0.23.",documents/BO0624_4482
301,301,Deux statuettes.,"301. Deux statuettes.

Jardinier et bouquetière Louis XV. Biscuit. Haut. 0.41.",documents/BO0624_4482
302,302,Terrine,"302. Terrine

avec couvercle et assiette, fond bleu de roi appliqué d'or. Médaillons decorés de bouquets. Porcelaine française.",documents/BO0624_4482
303,303,Cuvette godronnée.,"303. Cuvette godronnée.

de Savone. Triomphe d'Amphitrite, décoré en bleu camaïeux. Faïence",documents/BO0624_4482
304,304,« Mattonella »,"304. « Mattonella »

en faience polychromée, et à sujet. Cadre doré. Castelli.",documents/BO0624_4482
305,305,Enlèvement d'Europe.,"305. Enlèvement d'Europe.

« Mattonella » en faience polychrome rehaussée d'or, a apres le dessin du tableau de Paul Veronése du palais ducal de Venise. Cadre en bois doré. Castelli. 0.29 X 0.19.",documents/BO0624_4482
306,306,Buire à casque.,"306. Buire à casque.

Décoration en bleu. Majolique de savone.",documents/BO0624_4482
307,307,Deux petits vases dits à « Rocchetto » .,"307. Deux petits vases dits à « Rocchetto » .

Décoration polychrome sur majolique blanche.",documents/BO0624_4482
308,308,Vase de pharmacie.,"308. Vase de pharmacie.

Décoration polychrome a fort émail bleu. Majolique de Castelgirone.",documents/BO0624_4482
309,309,Coupe sur piédouche.,"309. Coupe sur piédouche.

Décoration rayonnante à dessins réticulés bleus entourant un médaillon avec la figure de Saint François. Faïence d'Urbino. Avec cadre doré.",documents/BO0624_4482
310,310,Plat creux.,"310. Plat creux.

Majolique blanche: décoration à guirlande et génie. Urbino.",documents/BO0624_4482
311,31,I. Plat.,"- 31I. Plat.

Majolique blanche. Décoration à légère guirlande et petit génie allé. Urbino. Avec encadrement. Diam. 0.25.",documents/BO0624_4482
312,312,Petit plat creux.,"312. Petit plat creux.

Faïence blanche à godrons; décoré d'un écusson armoirie Urbino. Avec encadrement. Diam. 0.21.

Diam. 0.2g•
## BRONZES.",documents/BO0624_4482
313,313,Le Silence et Minerve.,"313. Le Silence et Minerve.

Deux statuettes en bronze montées sur piédestal en marbre vert antique. XVIIe siècle. Haut. 0.41.",documents/BO0624_4482
314,314,Deux statuettes.,"314. Deux statuettes.

Sujets allégoriques en bronze. Piédestal rectang. en porphyre et marbre vert antique.",documents/BO0624_4482
315,315,Paire de Brûle-Parfums,"315. Paire de Brûle-Parfums

en forme de vases antiques. Base en fût de colonne. Décoration à feuilles d'acanthes et à sujets appliqués de Bambochade. Le couvercle ajouré est surmonté d'un papillon. Belle dorure et ciselure de bronze. Epoque Empire. Haut. 0.45.",documents/BO0624_4482
316,316,Statuette en bronze.,"316. Statuette en bronze.

Sur une colonnette en marbre jaune antique, pose la statuette représentant une vestale romaine portant le récipient à l'usage du feu sacré.",documents/BO0624_4482
317,317,Petite lampe pompéienne sur trépied. Bronze fondu.,317. Petite lampe pompéienne 2. sur trépied. Bronze fondu.,documents/BO0624_4482
318,318,Porte-bouquet,"318. Porte-bouquet

Japon. en forme de cornet à bord évasé et nœud. Bronze ancien.",documents/BO0624_4482
319,319,Autruche.,"319. Autruche.

Petit bronze.",documents/BO0624_4482
320,320,Crucifix.,"320. Crucifix.

Christ et base en bronze. La croix est en bois. XVII® siècle.",documents/BO0624_4482
321,321,Presse-papier.,"321. Presse-papier.

Figure assise de philosophe antique. Bronze",documents/BO0624_4482
322,322,Paire de petits vases.,"322. Paire de petits vases.

Bronze ciselé monté sur une base rectangulaire en marbre jaspé vert. Empire.",documents/BO0624_4482
323,323,Mortier,"323. Mortier

en bronze avec anse et petits pinacles. Inscription sur la lèvre: MENSIS MADIVS. MCCCCLXVII. Travail italien de la fin du XVe siècle.

- Chinois endormi",documents/BO0624_4482
324,324,appuyé à un tronc d'arbre en bois doré. Petit bronze sur socle octogone.,"- 324.

appuyé à un tronc d'arbre en bois doré. Petit bronze sur socle octogone.

Haut. 0.22.",documents/BO0624_4482
