catalogue_id,prev_num,current_num,title,excerpt
documents/BO0624_4399,1902,1,BERLUCCI,"1. BERLUCCI
- A. DEL SAKIO"
documents/BO0624_4399,1,1,"DA IMOLA MARS ET LA VICTOIRE, par Moderno. Plaquette rectangulaire en bronze.","1. DA IMOLA

PALMA VECCHIO

CANALEITO

PIAZZETTA

CARAVAGGIO

ROSALBA CARRIERA

## Tableguy des Maitres étrangers

BOUCHER

MIGNARD

VAN LOO

FRATTA

CASILLDURANTE

URBINO

HADNZ A

CAr AGGlOLO

## Sculintures en mardre

MINO DA FIESOLE

- A. VERROCCHIO
- A. LOMBAKDO

BEGARELLI

- GAMBOLOGNA
- MAZZONI
- MICHELANGIOLO
- M. CIVIDALI

BERNINT

## Emaux peints

TEAN TER PENICATID

L. LIMOSIN

PIERRE REYMOND

LAUDIN

NAUDIN
## CONDITIONS DE LA VENTE

La vente aura lieu expressément au comptant.

Les acquéreurs payeront cinq pour cent, en plus du prix d'adjudication.

Les lots pourront être réunis ou divisés, et l'ordre du catalogue interverti au gré du Directeur de la vente, mais on tâchera de suivre autant que possible l'ordre du catalogue.

Les lots adjugés devront être retirés le lendemain du jour de l'adjudication. En cas de contestation sur deux enchères, l'objet sera remis immédiatement en vente

L'exposition mettant le public à même de se rendre compte de l'état et de la nature des objets, aucune réclamation ne sera admise une fois l'adjudication prononcée.

## JOURS DE LA VENTE

| Lundi    | 21 Avril du N.   | i au   | N. 90   |
|----------|------------------|--------|---------|
| Mardi.   |                  |        | 180     |
| Mercred  | 23               |        | 270     |
| Jeudi    | 24               |        |         |
| vendredi | 25               | 361    | 450     |
| Samedi.  |                  | 451    | 540     |
| Dimanche |                  | 541    | ,, 630  |

Les ventes auront lieu à trois heures précises de l'après midi.

De 1o heures du matin à i heure de l'après midi il y aura l'exposition des objets qui seront vendus dans la journée.
## AVIS IMPORTANTS

La Maison Sangiorgi est disposée à accorder du crédit aux Musées italiens et étran gers qui en teront demande. Les termes de payement devront être établis d'accord avant la vente.

La Maison Sangiorgi se charge des commissions de ceux qui ne peuvent pas assister à la vente, et se charge aussi de l'emballage et de l'expédition des objets achetes sur demande et contre envoi d'un mandat-postal de 5 Frs., MM. les amateurs pourront avoir la photographie de n'importe quelle pièce qui n'aurait pas été illustrée dans ce catalogue.

Le catalogue de luxe, illustré avec deux planches en photogravure, trois planches coloriées, et cinquante planches en phototypie, sera envoyé gratis aux clients de la Maison, et contre remboursement de 20 Frs. aux autres; mais on rendra cette somme a ceux qui ayant paye teront des achats a la vente.

Un catalogue à part a été imprimé pour les livres rares et anciens du Musée Guidi Jeu le to avri 1002

Les objets en vente pourront etre visites des a present avec un billet de permission qui sera delivre à la Galerie Sangiorgi

Les objets qui n'ont pas été catalogués seront vendus a la fin de chaque vente
## PREFACE

Le Musée Guidi de Faenza a été formé au commencement du siècle été formé à l'époque où l'on trouvait encore asses facilement des objets d'art passé, par une famille de riches amateurs et de fins connaisseurs. Il a donc de premier ordre.

Les Botticelli autentiques, les Lippo Lippi, Bertucci, Bronzino, Simon Memmi, Mino da Fiesole, Begarelli, Giambologna, et les beaux bronzes, et les émaux peints, et les ivoires du xIIe siècle, et les faiences primitives sont très rares aujourd'hui sur les marchés italiens. J'ose presque affirmer qu'ils sont introuvables.

Je suis donc certain que tous les Musées publiques et particuliers auront un grand intérêt à se disputer l'acquisition des objets que je mets en

Le Musée Guidi se composait d'un nombre extraordinaire d'objets; mais, dans l'intérêt des amateurs et de l'art, j'en ai choisi seulement quelques vente. Il serait bien difficile, du reste, d'avoir encore une occasion semblable.

centames veritablement anciens et de premier ordre, et je les ai catalogués. Tout ce qui était médiocre, je l'ai écarté.

Pour la rédaction du Catalogue j'ai eu recours à l'autorité et à l'honnetete reconnues de nos critiques d'art les plus rénommés, tel que le prof. A. VENTURI, directeur du Musée Corsini à Rome; le prof. F. ARGNAGNI, directeur du Musée de la ville de Faenza; le docteur BARIOLA, directeur du Musée Estense à Modena, et des spécialistes ont dictés les descriptions des tapis persans, des livres, etc.

Je serais satisfait d'avoir mérité, une fois encore, l'estime et la sim-

G. SANGIORGI

COMMISSAIRE-PRISEUR.

patie de ma nombreuse clientèle.
## PREMIÈRE VENTE

## Lundi 21 Avril à 15 heures précises

## Plaquettes en bronze. - I. MARS ET LA VICTOIRE, par Moderno. Plaquette rectangulaire en bronze.

Haut. M. 0.07 - Larg. M. 0.057. Molinier N. 186.

Voir illustration, planche 46."
documents/BO0624_4399,9,12,"LÉGENDE DU ROI DE MERCIE, plaquette","12. LÉGENDE DU ROI DE MERCIE, plaquette"
documents/BO0624_4399,12,2,ronde en bronze dore.,"2. ronde en bronze dore.

owy mlustration, puuncne 40.

Diam. M. 0.05. Molinier N. 712."
documents/BO0624_4399,2,12,"bis, LES DIOSCURES devant Jupiter dans l'Olympe. Plaquette oblongue à coins arron-","- 12 bis, LES DIOSCURES devant Jupiter dans l'Olympe. Plaquette oblongue à coins arron-
- dis. XVIe siècle,

Long. M. 0.18 - Haut. 0.08 Voir illustration, planche 46.

## Tabatières."
documents/BO0624_4399,60,6,r. TROIS GRIFFONNAGES. À la plume et à la sanguine. Cadres en bois doré et en bois noir.,"- 6r. TROIS GRIFFONNAGES. À la plume et à la sanguine. Cadres en bois doré et en bois noir.

М. 0 06 X 0.04 - M. 0.05 X 0.06.50 - M. 0.05 X 0.06.

## PRIMATICCIO."
documents/BO0624_4399,6,62,NYMPHES DE FONTAINEBLEAU. À la sanguine. Cadre en bois brun.,"62. NYMPHES DE FONTAINEBLEAU. À la sanguine. Cadre en bois brun.

M. 0.29 X 0.20.

## Sculptures."
documents/BO0624_4399,99,1,"O0. JUDITH, placuette en dronze. LA VIERGE ET L'ENFANT JÉSUS, plaquette en bronze semblable à celle du n. 367","- 1O0. JUDITH, placuette en dronze.

Haut. 0.10 - Larg. 0.08.

Molinier N. 218.

Voir illustration, planche 46. 101. LA VIERGE ET L'ENFANT JÉSUS, plaquette en bronze semblable à celle du n. 367"
documents/BO0624_4399,2,10,I bis. BATAILLE. Plaquette ovale en bronze.,"- 10I bis. BATAILLE. Plaquette ovale en bronze.
- XVIe siècle.

UN COMBAT.

Diam. 0.068 X 0.058.

Taut. 0.05 - Larg. 0.045"
documents/BO0624_4399,10,102,SEPT PLAQUETTES rectangulaires à sujets,102. SEPT PLAQUETTES rectangulaires à sujets
documents/BO0624_4399,102,2,mythologiques.,"2. mythologiques.

Haut. 0.10 - Larg. 0.15."
documents/BO0624_4399,2,1,ozbis. VULCAIN forgeant les armes d'Énée. Bas-relief rectangulaire en bronze. XVI®,"- 1ozbis. VULCAIN forgeant les armes d'Énée. Bas-relief rectangulaire en bronze. XVI®
- siecle.

faut. 0.20 — La18. 0.205•
## Tabatières."
documents/BO0624_4399,1,103,"TABATIÈRE en forme de coquille, en émail, décorée sur les deux surfaces du couvercle, au pourtour et à la partie inférieure de sujets mythologiques et d'amours peints en miniature en couleurs sur fond blanc: à l'intérieur de la boîte un papillon, des fleurs et la marque B en couleurs. Monture en métal doré.","103. TABATIÈRE en forme de coquille, en émail, décorée sur les deux surfaces du couvercle, au pourtour et à la partie inférieure de sujets mythologiques et d'amours peints en miniature en couleurs sur fond blanc: à l'intérieur de la boîte un papillon, des fleurs et la marque B en couleurs. Monture en métal doré.

0.08 X 0.06."
documents/BO0624_4399,112,13,"LA VIERGE, agenouillée devant un priedieu. Petit bas-relief, contourné. Belle patine brune, polie. Fin du XVIe siècle.","- I13. LA VIERGE, agenouillée devant un priedieu. Petit bas-relief, contourné. Belle patine brune, polie. Fin du XVIe siècle.

Haut. 0.15."
documents/BO0624_4399,13,114,"MAISON DE LORETTE, au dessus la Vierge et l'Enfant Jésus assis et transportés par des anges. Bas-relief en bronze, ayant décoré les armoires de la sacristie de S. M. de Lorette, disparues dans les dernières guerres du XVIIIe siècle.","114. MAISON DE LORETTE, au dessus la Vierge et l'Enfant Jésus assis et transportés par des anges. Bas-relief en bronze, ayant décoré les armoires de la sacristie de S. M. de Lorette, disparues dans les dernières guerres du XVIIIe siècle.

Haut. 0.40 - Larg. 0.36. Voir illustration, planche 44."
documents/BO0624_4399,126,2,"lons entourés de couronnes, de feuilles et","2. lons entourés de couronnes, de feuilles et
de fruits; dans un de ces médaillons une tête de jeune homme de profil à droite, dans l'autre Amphitrite et un amour portés par un dauphin sur les vagues. Décor polychrome. Faïence de Castel Durante.

XVIIe siècle.

Haut. 0.29. Diam. 0.25.

- VASE de pharmacie avec anse et bec. Décor bleu et manganèse. Cafaggiolo. Époque primitive."
documents/BO0624_4399,2,128,"GRAND PLAT en porcelaine, orné de petits personnages en bleu sur fond blanc. Vieux Japon.","128. GRAND PLAT en porcelaine, orné de petits personnages en bleu sur fond blanc. Vieux Japon.

biam. 0.48

Voir illustration, planche 35."
documents/BO0624_4399,136,2,"vani, debout, à demi figure, tourné presque posé sur une petite table. De la droite il prise dans une tabatière placée près du livre. Toile ovale. Cadre doré.","2. vani, debout, à demi figure, tourné presque posé sur une petite table. De la droite il prise dans une tabatière placée près du livre. Toile ovale. Cadre doré.

Diamètre max. 1.10.

min. 0.84

## ÉCOLE DE TIEPOLO.

(XVII® siècle)."
documents/BO0624_4399,2,136,"bis. LA PRÉSENTATION de la Vièrge au temple. La Vièrge, tête nue, vêtue d'un robe blanche et d'un manteau bleu s'agenouille devant le grand-prêtre Siméon qui est debout, sur le haut de l'escalier du temple. Plusieurs personnages dans temple et des anges en haut assistent","- 136bis. LA PRÉSENTATION de la Vièrge au temple. La Vièrge, tête nue, vêtue d'un robe blanche et d'un manteau bleu s'agenouille devant le grand-prêtre Siméon qui est debout, sur le haut de l'escalier du temple. Plusieurs personnages dans temple et des anges en haut assistent
à la présentation. Belle entente du coloris disposition de les figures.

et heureuse Cadre en bois doré et sculpté.

Toile, haut. 1.12 X 0.52.

## MACRINO D'ALBA.

(1460-1520)."
documents/BO0624_4399,139,2,"robe blanche, serrée à la taille par un ruban bleu. Charmante expression et delicat coloris. Peinture sur toile. Cadres en bois","2. robe blanche, serrée à la taille par un ruban bleu. Charmante expression et delicat coloris. Peinture sur toile. Cadres en bois"
documents/BO0624_4399,3,140,"LA VIERGE ET L'ENFANT JÉSUS. Au dessous d'un baldaquin en étoffe verte foncée, avec lambrequin rouge à galon doré, la Vierge donne le sein au Divin Enfant, qui en même temps presse de ses petites mains le sein de la Mère et tourne la tête à droite. Dans le lointain, paysage avec maisons et petits personnages. Peinture de tout premier ordre. Cadre à tabernacle en bois doré.","140. LA VIERGE ET L'ENFANT JÉSUS. Au dessous d'un baldaquin en étoffe verte foncée, avec lambrequin rouge à galon doré, la Vierge donne le sein au Divin Enfant, qui en même temps presse de ses petites mains le sein de la Mère et tourne la tête à droite. Dans le lointain, paysage avec maisons et petits personnages. Peinture de tout premier ordre. Cadre à tabernacle en bois doré.

Bois. Haut. o.3o - larg. 0.24. vow mustanon, pumene 11.

Haut. 1.10 X 0.60.

## J. PALMA IL VECCHIO."
documents/BO0624_4399,140,14,"T. PROPHÈTE. Demi figure, tête à longue barbe blanche, recouverte d'un manteau rouge retombant le long de la figure; un livre ouvert entre les mains. Très belle peinture. L'expression de la tête est d'une vénérable sérénité. Coloris vigoureux, touche admirable, exécution très soignée. Cadre en bois sculpté et doré.","- 14T. PROPHÈTE. Demi figure, tête à longue barbe blanche, recouverte d'un manteau rouge retombant le long de la figure; un livre ouvert entre les mains. Très belle peinture. L'expression de la tête est d'une vénérable sérénité. Coloris vigoureux, touche admirable, exécution très soignée. Cadre en bois sculpté et doré.

Bois. Haut. 0.82 X o.60.

Voir illustration, planche 10.

## LUCA SUNDER

(dit Cranack, 1472-1553)."
documents/BO0624_4399,14,142,LE PATRIARCHE LOT au milieu de ses deux filles. Dans le lointain la ville de Sodome en flammes. Peinture sur bois. Beau cadre,142. LE PATRIARCHE LOT au milieu de ses deux filles. Dans le lointain la ville de Sodome en flammes. Peinture sur bois. Beau cadre
documents/BO0624_4399,142,2,sculpté et doré.,"2. sculpté et doré.

Haut. 0.39 X o.3I.

## NICOLAS MIGNARD."
documents/BO0624_4399,2,1005,1000.,1005-1000.
documents/BO0624_4399,1005,143,"PORTRAIT de jeune femme, représentée presque de face, chevelure blonde divisée en bandeaux frisés avec boucles tombant nonchalamment sur les épaules, vêtue d'un joli négligé blanc, garni d'une dentelle de Flandre, laissant découverte la poitrine et se drapant dans un manteau de velours bleu, doublé d'hermine, fermé sur le devant par une agrafe en brillant. L'expression charmante du visage, la douceur du regard et le flou du coloris donnent à ce tableau une attraction irrésistible. Cadre en bois sculpté et doré.","143. PORTRAIT de jeune femme, représentée presque de face, chevelure blonde divisée en bandeaux frisés avec boucles tombant nonchalamment sur les épaules, vêtue d'un joli négligé blanc, garni d'une dentelle de Flandre, laissant découverte la poitrine et se drapant dans un manteau de velours bleu, doublé d'hermine, fermé sur le devant par une agrafe en brillant. L'expression charmante du visage, la douceur du regard et le flou du coloris donnent à ce tableau une attraction irrésistible. Cadre en bois sculpté et doré.

Toile ovale. Haut. 0.65 X o 52.

o11 nuustraion, pianicne 19.

## CARAVAGGIO.

(Michelange Amerighi, dit le - 1569-1609)."
documents/BO0624_4399,158,2,beau groupe en marbre de G. L. Bernini. Base-cintrée en marbre blanc et jaspe de Sicile.,"2. beau groupe en marbre de G. L. Bernini. Base-cintrée en marbre blanc et jaspe de Sicile.

laul. au groupe 0.4o. Haut. totale 0.74.

Voir illustration, planche 41.

## A. LOMBARDO.

(XVI Siècle)."
documents/BO0624_4399,2,158,"bis. DEUX PETITS BAS RELIEFS en marbre blanc formant partie d'une décoration architecturale. Dans l'un est représenté Apollon, dans l'antre Vénus. Sur une plaque on lit AL. D . III (Alphonse III Duc de Ferrare). *","- 158bis. DEUX PETITS BAS RELIEFS en marbre blanc formant partie d'une décoration architecturale. Dans l'un est représenté Apollon, dans l'antre Vénus. Sur une plaque on lit AL. D . III (Alphonse III Duc de Ferrare). *

• Haut. 0.27 X 0.18.

Voir illustration, planche 38.

## Étoffes et Tapis."
documents/BO0624_4399,159,2,"argent et petits fleurs brochées en or et soie de couleurs. Au centre, Madonne avec l'Enfant en broderie de soie en couleurs et or appliquée. Bordure de frange.","2. argent et petits fleurs brochées en or et soie de couleurs. Au centre, Madonne avec l'Enfant en broderie de soie en couleurs et or appliquée. Bordure de frange.

Haut. I.I2 - larg. o 56."
documents/BO0624_4399,2,60,"UNE CHAPE et deux morceaux de vêtement d'église en soie satinée vert clair. Fleurs et rinceaux en soie blanche, ramages et feuillages en chenille. Louis XVI.","- I60. UNE CHAPE et deux morceaux de vêtement d'église en soie satinée vert clair. Fleurs et rinceaux en soie blanche, ramages et feuillages en chenille. Louis XVI.
* Parmi les marbres on trouve deux reliefs d'Alfonso Lombardi, qui fut au service de la famille d'Este à Ferrara, aux premières années du XVIe siècle, où il brilla au premier rang parmi les sculpteurs. Il y a quelques années, dans la vente Spitzer à Paris, on a vendu des corniches et des frises d'une finesse si admirable, d'une élégance si classique dans les ornements, qu'ils excitèrent la curiosité générale. Un journal de curieux à questions et réponses fit une interrogation sur la provenance de ces marbres-là, lesquels portaient sur une petite plaque la même inscription qui se lit sur la tablette accrochée à l'arbre dans un de ces reliefs-ci: AL. D. III. Nous donnons ici la réponse: C'est pour Alphonse Ier, troisième duc de Ferrara, qu'on exécuta ces marbres et ces reliefs; ils faisaient partie de la décoration des appartements particuliers de ce prince au château de Ferrare, au lieu même où les bacchanales du Titien égayèrent les filles pensives de Renée de France. En 1598, lorsque Clément VIIIe arracha Ferrare à la famille d'Este, celle-ci transporta à Modène autant qu'il lui fut passible des décorations et des marbres de leur demeure primitive. Plus tard, tandis que sur les fondements du château modénais on construisait la résidence des Avanzini, quelques-uns de ces ornements furent transportés à Sassuolo et placés dans la villa même des Este, laquelle bien plus tard devint la propriété du vicomte d'Espagnac et ensuite des Finzi. Or les nouveaux propriétaires vendirent grand nombre de ces objets trouvés ça et là, pêle-mêle dans l'enceinte de la villa, et, entre autres, les beaux marbres sculptés qui, admirés à la vente Spitzer, furent illustrés dans la Gazette des Beaux-Arts. Nous affirmons ceci sans hésitation aucune, à cause de certains plâtres que nous avons eu occasion d'examiner à Modène et qui furent moulés sur ces sculptures. Les reliefs, aujourd'hui en vente, forment évidemment partie de cette superbe décoration et attestent l'élégance qu'Alphonse Ier duc de Ferrara, prince et artiste, savait prodiguer antour de soi.

Membre de l Académie de France.

Prof. A. VENTURI"
documents/BO0624_4399,60,161,"CHAPE en velours rouge contretaillé à rayes horizontales, fond or. Orfroi et chaperon ornés de rinceaux et feuillages en or sur fond en soie rouge. Frange en or. XVIIe siècle.","161. CHAPE en velours rouge contretaillé à rayes horizontales, fond or. Orfroi et chaperon ornés de rinceaux et feuillages en or sur fond en soie rouge. Frange en or. XVIIe siècle."
documents/BO0624_4399,212,2,"Voir illustration, planche 42.","2. Voir illustration, planche 42."
documents/BO0624_4399,3,213,"ENCRIER rond avec bord cotelé, supporté","213. ENCRIER rond avec bord cotelé, supporté

Haut. 0.08.

- par trois taureaux, séparés par trois écussons. Bronze XVIe siècle.

Voir illustration, planche 43."
documents/BO0624_4399,240,2,"accompagnée de Saint Jean, présente son Divin Fils à Saint Jérôme. Fond de paysage.","2. accompagnée de Saint Jean, présente son Divin Fils à Saint Jérôme. Fond de paysage.

D'un sentiment très délicat, d'un coloris très harmonieux et d'une grande qualités qui font de cette œuvre une des les plus appréciées du maître fameux. Cadre richement sculpté

Bois, 0.74 X 0.93.

finesse d'exécution, et doré.

Voir illustration, planche 9.

## Dessins.

## HOPHER DANIEL."
documents/BO0624_4399,2,24,T. UN SOLDAT. Aquarelle. Cadre en bois noir.,"- 24T. UN SOLDAT. Aquarelle. Cadre en bois noir.

0.14 X 0.19.

## REMBRANDT."
documents/BO0624_4399,24,242,SON PORTRAIT. Dessiné par lui-même à la sanguine. Cadre en bois noir et doré. 0.18 X 0.25.,242. SON PORTRAIT. Dessiné par lui-même à la sanguine. Cadre en bois noir et doré. 0.18 X 0.25.
documents/BO0624_4399,252,254,"TAPIS DE L'ASIE MINEURE, en laine, à dessins géométriques sur fond rouge et vert foncé. On trouve souvent ces tapis sur les tableaux de maîtres du XVe et XVIe siècle: Mantegna, Ghirlandaio, Bassano, etc. XVIe siècle. 80 X 1.40. GRAND PANNEAU en peluche, à fond rouge, ornements et bordure à feuillages polycromes. Vénitien. XVIIe siècle. 15 X 2.90.","254. TAPIS DE L'ASIE MINEURE, en laine, à dessins géométriques sur fond rouge et vert foncé. On trouve souvent ces tapis sur les tableaux de maîtres du XVe et XVIe siècle: Mantegna, Ghirlandaio, Bassano, etc. XVIe siècle. 2.80 X 1.40. 255. GRAND PANNEAU en peluche, à fond rouge, ornements et bordure à feuillages polycromes. Vénitien. XVIIe siècle. 3.15 X 2.90."
documents/BO0624_4399,254,256,"TAPIS SYRIEN (Damas) en laine angora, arabesques et fleurs sur fond rouge, les coins fond bleu. À l'origine ce genre de tapis provenaient, disait-on, du Maroc, mais d'après de nouvelles recherches, il à eté prouvé qu'ils proviennent de Damas. XVI® siècle. 39 X 2.00.","256. TAPIS SYRIEN (Damas) en laine angora, arabesques et fleurs sur fond rouge, les coins fond bleu. À l'origine ce genre de tapis provenaient, disait-on, du Maroc, mais d'après de nouvelles recherches, il à eté prouvé qu'ils proviennent de Damas. XVI® siècle.

Voir illustration, planche 25. 1.39 X 2.00.

## Objets divers."
documents/BO0624_4399,270,272,"L'ADORATION DES BERGERS. À l'entrée de la crêche, la Vierge agenouillée et Saint Joseph adorent l'Enfant. Des bergers, dont un s'agenouille, portent des agneaux et des corbeilles de fruits. Plaquette carrée en bronze.","272. L'ADORATION DES BERGERS. À l'entrée de la crêche, la Vierge agenouillée et Saint Joseph adorent l'Enfant. Des bergers, dont un s'agenouille, portent des agneaux et des corbeilles de fruits. Plaquette carrée en bronze.

Voir illustration, planche 47."
documents/BO0624_4399,273,2,en bronze.,"2. en bronze.

HERCULE, MINERVE, VÉNUS ET L'AMOUR.

Plaquette ovale en bronze.

Haut. 0.05 - Larg. 0.043. Molinier N. 288.

Voir illustration, planche 47."
documents/BO0624_4399,2,275,APOLLON ET MARSYAS. Deux plaquettes ovales en bronze.,"275. APOLLON ET MARSYAS. Deux plaquettes 2. ovales en bronze.

Voir illustration, planche 46.

Molinier N. 3-"
documents/BO0624_4399,289,2,"g0. MARTEAU de porte formé par un petit Bacchus tenant dans les mains une coupe et une grappe de raisin, au milieu de deux lions formant l'anneau. Patine verte foncée.","- 2g0. MARTEAU de porte formé par un petit Bacchus tenant dans les mains une coupe et une grappe de raisin, au milieu de deux lions formant l'anneau. Patine verte foncée.
- XVIIe siècle.

Voir illustration, planche 14.

Haut. 0.29."
documents/BO0624_4399,2,291,"VÉNus, nue, debout, soutenant une draLe pied droit manque, le gauche est abimé. Bronze du","291. VÉNus, nue, debout, soutenant une draLe pied droit manque, le gauche est abimé. Bronze du

haut. o.16."
documents/BO0624_4399,319,2,"tête est légèrement inclinée et tournée de trois quarts vers la droite. Les cheveux lui descendent le long des joues, il est coiffé d'un bonnet noir, orné sur le devant de grandes houppes blanches, couvert d'un vêtement bleu sombre qui laisse dépasser la chemisette blanche autour du cou. Il soutient de la main droite une boule posée sur un appui en marbre, qui occupe le devant du tableau. Peinture très agréable. Cadre en bois doré avec ornements en relief.","2. tête est légèrement inclinée et tournée de trois quarts vers la droite. Les cheveux lui descendent le long des joues, il est coiffé d'un bonnet noir, orné sur le devant de grandes houppes blanches, couvert d'un vêtement bleu sombre qui laisse dépasser la chemisette blanche autour du cou. Il soutient de la main droite une boule posée sur un appui en marbre, qui occupe le devant du tableau. Peinture très agréable. Cadre en bois doré avec ornements en relief.

Bois, Haut, 0.71 X 0.55.

Voir illustration, planche 8.

## ÉCOLE DE PISE.

(ALV siecle)"
documents/BO0624_4399,2,319,"bis. QUATRE PANNEAUX à fond d'or, repré sentant Saint Thomas d'Aquin, Saint Jean Évangeliste, Saint Paul et Saint Dominique, encadrés de colonnettes torses supportant des arceaux et un'entablement en bois doré et sculpté.","- 319 bis. QUATRE PANNEAUX à fond d'or, repré sentant Saint Thomas d'Aquin, Saint Jean Évangeliste, Saint Paul et Saint Dominique, encadrés de colonnettes torses supportant des arceaux et un'entablement en bois doré et sculpté.

Long. 1.20 — Haut. 0.92

Voir illustration, planche 3.

## J. B. PATER.

(1695-1736)."
documents/BO0624_4399,323,2,ches. Cadre doré.,"2. ches. Cadre doré.

Bois, 0.67 X 0.50."
documents/BO0624_4399,2,323,"bis, PORTRAIT DE PRINCE. Le personnage est représenté à mi-corps, de trois quart à gauche, vêtu d'un pourpoint et d'un manteau noir brodé d'or; une fraise au cou et le collier de l'ordre de la Toison d'or. Cadre guilloché noir et or.","- 323 bis, PORTRAIT DE PRINCE. Le personnage est représenté à mi-corps, de trois quart à gauche, vêtu d'un pourpoint et d'un manteau noir brodé d'or; une fraise au cou et le collier de l'ordre de la Toison d'or. Cadre guilloché noir et or.

Toile: Haut. 1.20 X 0.90.

Voir illustration, planche 12.

## A. VAN DYCK

(attribué à)"
documents/BO0624_4399,329,2,"nant un livre dans la main gauche. Dans une niche, décorée de pilastres ornés de tresses, soutenant un arc. Haut-relief en marbre blanc. X Ve siècle.","2. nant un livre dans la main gauche. Dans une niche, décorée de pilastres ornés de tresses, soutenant un arc. Haut-relief en marbre blanc. X Ve siècle.

Haut. 0.93 -- Larg. 0.39.

## ANDREA VERROCCHIO."
documents/BO0624_4399,2,1432,1400).,1432-1400).
documents/BO0624_4399,1432,330,"BUSTE DE JEUNE HOMME, de grandeur natrine. Base élliptique en bois verni noir. ture, la tête légèrement tournée à gauche, vêtu d'une tunique serrée, avec deux glands tombant des épaules sur la poiSplendide travail en stuc de grand caractère. Un peu abimé.","330. BUSTE DE JEUNE HOMME, de grandeur natrine. Base élliptique en bois verni noir. 2. ture, la tête légèrement tournée à gauche, vêtu d'une tunique serrée, avec deux glands tombant des épaules sur la poiSplendide travail en stuc de grand caractère. Un peu abimé.

Larg. 0.50 - Haut. 0.45.

Voir illustration, plauche 37."
documents/BO0624_4399,337,2,poitrine avec une pierre. Plaque cintrée,2. poitrine avec une pierre. Plaque cintrée
documents/BO0624_4399,3,338,"DIX-NEUF ÉMAUX de forme ovale, coloriés, représentant des épisodes de la vie de Jésus et de la Madone, disposés sur fond de velours vert dans un cadresculpté et doré. Italie. XVIIe siecle.","338. DIX-NEUF ÉMAUX de forme ovale, coloriés, représentant des épisodes de la vie de Jésus et de la Madone, disposés sur fond de velours vert dans un cadresculpté et doré. Italie. XVIIe siecle.

Haut. 0.26 X 0.19."
documents/BO0624_4399,341,2,lissandre avec tiroirs accouplés.,"2. lissandre avec tiroirs accouplés.

Haut. M. 1.1o - Larg. M. 0.68."
documents/BO0624_4399,2,341,"bis, DEUX CHAISES à haut dossier, en noyer sculpté, recouvertes en cuir de Cordoue, à rinceaux feuillagés et fleurs, garnies de clous en cuivre.","- 341 bis, DEUX CHAISES à haut dossier, en noyer sculpté, recouvertes en cuir de Cordoue, à rinceaux feuillagés et fleurs, garnies de clous en cuivre.

Travail portugais. Louis XV. Provenant de la collection Villegas.

Haut. 1.25."
documents/BO0624_4399,342,2,la fabrique de Séb. Erard de Londres. Empire.,2. la fabrique de Séb. Erard de Londres. Empire.
documents/BO0624_4399,2,342,"bis. DEUX CHAISES à haut dossier en noyer à rinceaux feuillagés et fleurs, garnies de sculpté, recouvertes en cuir de Cordoue, clous en cuivre.","- 342 bis. DEUX CHAISES à haut dossier en noyer à rinceaux feuillagés et fleurs, garnies de 4. sculpté, recouvertes en cuir de Cordoue, clous en cuivre.

Travail portugais. Louis XV. Prove- nant de la collection Villegas.

Haut. 1.35."
documents/BO0624_4399,347,2,avec oiseaux et rosaces de couleurs. Bordure à ornements losangés.,"2. avec oiseaux et rosaces de couleurs. Bordure à ornements losangés.

Haut. 2.5, - Larg. I.2I.

- TAPIS persan (Ispahan) en laine. Fleurs semées sur fond rouge, bordure à guir landes de fleurs sur fond vert clair. Tis-
sage très fin et très serré, pièce d'un merveilleux effet de couleurs. Ces tapis se trouvent souvent reproduits sur des tableaux flamands du XVIIe siècle. Restauré. Fin du XVIe siècle.

Voir illustration, planche 25."
documents/BO0624_4399,2,2,37 X 1.50.,2.37 X 1.50.
documents/BO0624_4399,2,348,bis. TENTURE en soie satinée à fond blanc et,"348 bis. TENTURE en soie satinée à fond blanc et

- bandes bleu ciel fané à ramages serpentants. Epoque: Louis XVI.

No 30 lés: Haut. 3.60 - Larg. 0.55.

## Objets divers.

- NÉCESSAIRE en ébène. Pièces en acier"
documents/BO0624_4399,350,35,"I. CROIX en métal argenté, avec ornements sur les deux cotés, enrichie de onze nielles en argent, représentant la Vierge avec l'Enfant Jésus, les Évangélistes et plusieurs martyrs. XVe siècle.","- 35I. CROIX en métal argenté, avec ornements sur les deux cotés, enrichie de onze nielles en argent, représentant la Vierge avec l'Enfant Jésus, les Évangélistes et plusieurs martyrs. XVe siècle.

Haut. 0.52."
documents/BO0624_4399,35,352,"GROS ANNEAU papal en bronze dore, orné sur les côtés des emblèmes des Évangélistes et de la Papauté en relief; dans la partie inférieure du cercle est gravée l'inscription: PIUS | PAPA | SECUNDUS. Dans le chaton un rectangle en serpentin.","352. GROS ANNEAU papal en bronze dore, orné sur les côtés des emblèmes des Évangélistes et de la Papauté en relief; dans la partie inférieure du cercle est gravée l'inscription: PIUS | PAPA | SECUNDUS. Dans le chaton un rectangle en serpentin.

Voir illustration, planche 52.

GROS ANNEAU PAPAL en bronze doré, ayant sur ses côtés, en relief, les symboles des Evangélistes (il en manque un) les armes Papales avec les clefs décussées et les armoiries du Pape Paul II dont le nom est gravé sur la partie inférieure. Dans le chaton une topaze rectangulaire, taillée en biseaux.

Le ot pourra etre divise

Voir illustration, planche 52."
documents/BO0624_4399,360,36,"г. UN CENTAURE, vu de profil et marchant vers la droite, tient de la main droite une corbeille, qu'il porte sur ses épaules; de la gauche il tient le thyrse. Une peau de lion tombe derrière de les épaules. Plaquette en bronze.","- 36г. UN CENTAURE, vu de profil et marchant vers la droite, tient de la main droite une corbeille, qu'il porte sur ses épaules; de la gauche il tient le thyrse. Une peau de lion tombe derrière de les épaules. Plaquette en bronze.

Diam. 0.05 X 0.04.

Voir illustration, planche 46."
documents/BO0624_4399,36,362,"PORTRAIT DE FEMME. Tête de profil à gauche, les cheveux divisés en bandeaux ondés. Plaquette en bronze. XVIe siècle.","362. PORTRAIT DE FEMME. Tête de profil à gauche, les cheveux divisés en bandeaux ondés. Plaquette en bronze. XVIe siècle.

Haut. 0.075 X 0.060.

Voir illustration, planche 47."
documents/BO0624_4399,379,2,"fer, décoré de bandes d'ornements et de médaillons à figures gravées. Traces de dorure. XVIe siècle.","2. fer, décoré de bandes d'ornements et de médaillons à figures gravées. Traces de dorure. XVIe siècle.

Haut. 0.20 - Diam. 0.20.

Voir illustration, planche 53."
documents/BO0624_4399,2,379,"bis. ÉPÉE À L'ESPAGNOLE. La coquille hémisphérique et décorée de rinceaux, de fleurons et d'animaux ouvrés à jour. Quillons droit et garde-main replié sur le pomcannelée vers le talon, on lit: Valenc. Me","- 379bis. ÉPÉE À L'ESPAGNOLE. La coquille hémisphérique et décorée de rinceaux, de fleurons et d'animaux ouvrés à jour. Quillons droit et garde-main replié sur le pomcannelée vers le talon, on lit: Valenc. Me

Long. tot. 1.15.

- meau ciselé. Sur la lame hexagonale, fecit. XVIe siècle.

Voir illustration, planche 53.

- un seul canon. Le canon, très long et de petit calibre, est décoré sur la culasse et autour de la gueule de fleurs et feuilles gravées en creux et dorées. Sur les platines sont représentés de sujets militaires gravés au burin. Monture en ébène terminée par un crosse elliptique garnie d'un pommeau à fleurs et feuillages en bronze ciselé, ajouré et doré. Sur les canons la signature: Nicolas Colas - Sedan. Pièces de travail distingué. Époque Louis XIV.

Voir illustration, planche 53.

Long: 0.72."
documents/BO0624_4399,410,2,"disposition heureuse, le vif coloris uni à la partate imitation de la nature, sont les qualités distinctives de ces deux peintures (pendant) qui ne peuvent echapper au gout des connaisseurs intelligents","2. disposition heureuse, le vif coloris uni à la partate imitation de la nature, sont les qualités distinctives de ces deux peintures (pendant) qui ne peuvent echapper au gout des connaisseurs intelligents

Cuivre oval. Cadre en bois doré avec ornements sculptes

M. 0.37 X 0.28.

Voir illustration, blanche 22.

## ECOLE DE GIORGIONE.

(Commencement du XVIe siècle)."
documents/BO0624_4399,2,4,"II. LE CHRIST. SAINT PIERRE ET SAINT JEAN, figure à demi corps. Beau fond de paysage. Peinture d'un coloris superbe de la maniere admirable de ecole de Barbarelli. Riche cadre sculpté et doré.","- 4II. LE CHRIST. SAINT PIERRE ET SAINT JEAN, figure à demi corps. Beau fond de paysage. Peinture d'un coloris superbe de la maniere admirable de ecole de Barbarelli. Riche cadre sculpté et doré.

Bois. Haut. M. o.117 X о.116.

## PATEL P. ET LE SUEUR.

(XVIle siecle)."
documents/BO0624_4399,4,4,II bis. PAYSAGE AVEC,"4II bis. PAYSAGE AVEC

- RUINES. Le paysage est l'œuvre de P. Patel et les heures sont de Le sueur.

Cette œvre est d'un grand interêt artistique ayant été très probablement peinte pendant les voyages en Italie de ces deux maitres. Cadre en bois doré.

Toile: Haut. 0.65 X 0.50.
## G. M. CRESPI

(dit l'Espagnol, 1665-1747)."
documents/BO0624_4399,4,412,"TOUEUR DE GUITARE. Figure à demi corps, de profil, la tête tournée de trois quarts regarde en souriant le spectateur. Cadre doré avec ornements en relief.","412. TOUEUR DE GUITARE. Figure à demi corps, de profil, la tête tournée de trois quarts regarde en souriant le spectateur. Cadre doré avec ornements en relief.

Lolle. Haut. M. 0.86 X 0.67.

## DAVID TENIERS

(1610-1690)."
documents/BO0624_4399,413,2,tre d'une vérité et d'une simplicite frappantes. Ebauche d'une étude presque achevée. Cadre doré.,"2. tre d'une vérité et d'une simplicite frappantes. Ebauche d'une étude presque achevée. Cadre doré.

Toile. Haut. M. 1.20 X 1.75.

Vow illustration, planche 16.

## JEAN-BAPTISTE PIAZZETTA."
documents/BO0624_4399,2,1003,1754.,1003-1754.
documents/BO0624_4399,1003,414,"DEUX COMPOSITIONS a une originalite intéressante taisant pendant: Grandes figu res de dames, de pâtres, etc. Beaux effets de clair-obscur. du charme dans le coloris. Cadre surmonte d'une riche cimaise à ornements et feuillage en bois sculpté et dore.","414. DEUX COMPOSITIONS a une originalite intéressante taisant pendant: Grandes figu res de dames, de pâtres, etc. Beaux effets de clair-obscur. du charme dans le coloris. Cadre surmonte d'une riche cimaise à ornements et feuillage en bois sculpté et dore.

Toile. M. 2 08 X 1.50

Voir illustration, blanche 14.

## LUCAS DE LCIUE

(1401-1532)."
documents/BO0624_4399,415,410,"LA VIERGE ADORANT LINFANT ESUS. Panneau cintré par le haut. La Mère de Dieu agenouillee, les mains 10intes, la tête couverte d'un léger voile, drapée dans un manteau bleu a galon d'or est en adoration devant l'Enfant Jesus, couché nu sur un coussin; le petit Saint Jean à côté, également en adoration. En haut, dans le lontain, paysage avec des bergers. Encadrement formant corps avec le panneau, a bordure, peint en bleu avec etoiles dorees et moulures sculptees et dorées. Au bas, sur le frisé l'inscription : Ave Maria gratia plena, en lettres dorees et deux ecussons à les extremites. Composition pleine de grace et de ce charme qui a rendu celebres les tableaux de ce maitre.","410. LA VIERGE ADORANT LINFANT ESUS. Panneau cintré par le haut. La Mère de Dieu agenouillee, les mains 10intes, la tête couverte d'un léger voile, drapée dans un manteau bleu a galon d'or est en adoration devant l'Enfant Jesus, couché nu sur un coussin; le petit Saint Jean à côté, également en adoration. En haut, dans le lontain, paysage avec des bergers. Encadrement formant corps avec le panneau, a bordure, peint en bleu avec etoiles dorees et moulures sculptees et dorées. Au bas, sur le frisé l'inscription : Ave Maria gratia plena, en lettres dorees et deux ecussons à les extremites. Composition pleine de grace et de ce charme qui a rendu celebres les tableaux de ce maitre.

Haut. 1.25 X 0.80.

vour lustration, planche 4."
documents/BO0624_4399,410,1727,1775.,1727-1775.
documents/BO0624_4399,1727,417,"PORTRAIT DE JEUNE DAME décolletée, regardant le spectateur avec attitude ora cieuse de la tête. Un bijou dans les cheveux et trois tles de perles autour du cou. Agréable portrait. Cadre doré.","417. PORTRAIT DE JEUNE DAME décolletée, 2. regardant le spectateur avec attitude ora cieuse de la tête. Un bijou dans les cheveux et trois tles de perles autour du cou. Agréable portrait. Cadre doré.

Toile. Haut. M. 0.38 - Larg. M. 0.30 Voir illustration, planche 21.

## MEPOLO."
documents/BO0624_4399,422,420,"FIGURE VIRILE, debout, les cheveux long's retombant sur les épaules, une couronne royale sur la tête, drapée d'un long vêtement agrafé sur la poitrine. Statuette en marbre. XIVe siècle.","420. FIGURE VIRILE, debout, les cheveux long's retombant sur les épaules, une couronne royale sur la tête, drapée d'un long vêtement agrafé sur la poitrine. Statuette en marbre. XIVe siècle.

Haut. M. 0.70. Voir illustration, planche 38."
documents/BO0624_4399,420,424,"MADONE AVEC L'ENFANT. La Madone a la tête couverte d'un voile qui vient s'arrêter sur sa poitrine, vêtue d'une robe serrée à la taille et d'un ample manteau qui vient se réunir en larges plis sur le devant, elle tient l'Enfant sur le bras gauche. Statuette en marbre blanc.","424. MADONE AVEC L'ENFANT. La Madone a la tête couverte d'un voile qui vient s'arrêter sur sa poitrine, vêtue d'une robe serrée à la taille et d'un ample manteau qui vient se réunir en larges plis sur le devant, elle tient l'Enfant sur le bras gauche. Statuette en marbre blanc.

Haut. M. 0.77."
documents/BO0624_4399,428,425,"GRAND TAPIS syrien (Damas), en laine de chèvre angora, à fond rouge; décor, reproduction de carreaux polychromes à dessins différents. Bordure même décor fond bleu. Une pièce de telle grandeur, appartenant à S. M. l'Empereur d'Autriche, a figurée à l'Exposition des tapis en 1891 à Vienne. XVI° siècle.","425. GRAND TAPIS syrien (Damas), en laine de chèvre angora, à fond rouge; décor, reproduction de carreaux polychromes à dessins différents. Bordure même décor fond bleu. Une pièce de telle grandeur, appartenant à S. M. l'Empereur d'Autriche, a figurée à l'Exposition des tapis en 1891 à Vienne. XVI° siècle.

Voir illustration, planche 26.

M. 9 X 2.45."
documents/BO0624_4399,425,430,"GRANDE ET MAGNIFIQUE TAPISSERIE flamande, avec groupes de personnages fond un château avec parc. Large bor- et d'animaux, représentant des scènes champêtres, de chasse et de pêche. Au dure dont les angles sont ornés de groupes de figures, et dans les autres parties","430. GRANDE ET MAGNIFIQUE TAPISSERIE flamande, avec groupes de personnages fond un château avec parc. Large bor- 2. et d'animaux, représentant des scènes champêtres, de chasse et de pêche. Au dure dont les angles sont ornés de groupes de figures, et dans les autres parties
de motifs de vases, de fleurs, de médaillons, de petites scènes allégoriques, de feuillages et d'ornements. XVIIe siècle.

M. 4.15 X 3.30.

vour wustration, planche 27.

## Émaux peints."
documents/BO0624_4399,468,46,"g. ÉruI en cuir, rectangulaire, se retrécissant à la base, et posant sur pied de forme circulaire, décoré d'ornements et de feuillages en relief.","- 46g. ÉruI en cuir, rectangulaire, se retrécissant à la base, et posant sur pied de forme circulaire, décoré d'ornements et de feuillages en relief.

Voir illustration, planche 52.

Haut. M. 0.39."
documents/BO0624_4399,46,470,"Étui pour coupe, semisphérique, en cuir avec ornements et godrons, sur le couvercle un écusson de famille noble. XVI° bis, TrOUSsE en cuir noir estampé, décorée ce mnceaux.","470. Étui pour coupe, semisphérique, en cuir avec ornements et godrons, sur le couvercle un écusson de famille noble. XVI°

Haut. M. 0.10 - Diam. M. 0.15. - 470 bis, TrOUSsE en cuir noir estampé, décorée ce mnceaux.

Long. 0.35-"
documents/BO0624_4399,497,2,sur toile avec cadre doré.,"2. sur toile avec cadre doré.

Voir illustration, planche 14.

## DENIS CALVAERT."
documents/BO0624_4399,2,1540,1019).,1540-1019).
documents/BO0624_4399,1540,498,"SAINTE-FAMILLE. Intérieur de la maison de la Vierge Marie qui offre la nourriture à l'Enfant, tandis que des anges s'occupent des soins domestiques. Au fond, à porte, s'avance ginale et manière caractéristique de dra-","498. SAINTE-FAMILLE. Intérieur de la maison de la Vierge Marie qui offre la nourriture à l'Enfant, tandis que des anges s'occupent des soins domestiques. Au fond, à porte, s'avance ginale et manière caractéristique de dra-"
documents/BO0624_4399,498,2,"gauche, au seuil d'une Saint Joseph. Beau coloris, invention oriperie. Cadre doré et sculpté.","2. gauche, au seuil d'une Saint Joseph. Beau coloris, invention oriperie. Cadre doré et sculpté.

Toile. Haut. 0.97 X 0.72.

(detto Alessandro Filipepi).,"
documents/BO0624_4399,2,144,1919,144-1919
documents/BO0624_4399,144,499,"LE BAPTÊME DE JÉSUS. Le Rédempteur agenouillé dans les eaux du Jourdan, les mains jointes et la tête inclinée, reçoit le baptême des mains de Saint Jean, qui couvert d'une peau d'agneau et d'un manteau rouge, est debout, à droite, sur la rive. A gauche deux anges agenouillés, les mains jointes dans l'attitude de la prière assistent à l'institution du sacre-","499. LE BAPTÊME DE JÉSUS. Le Rédempteur agenouillé dans les eaux du Jourdan, les mains jointes et la tête inclinée, reçoit le baptême des mains de Saint Jean, qui couvert d'une peau d'agneau et d'un manteau rouge, est debout, à droite, sur la rive. A gauche deux anges agenouillés, les mains jointes dans l'attitude de la prière assistent à l'institution du sacre-

M. 1.40 X 3.55.
ment de la Purification. Fond de paysage avec collines et vallées au milieu desquelles le fleuve serpente. Cadre en bois doré avec large bordure de fleurs et fruits sculptés.

Bois. Haut. 1.58 X r.30.

Voir illustration, planche 2.

## PIERRE DE MESSINE."
documents/BO0624_4399,510,5,"I1. LA MADONE ET L'ENFANT AVEC DEUX ANGES. Bas-relief de forme ovale en terrecuite d'un beau style sévère et vigoureux, attribué à Michel-Ange. Cadre en bois","- 5I1. LA MADONE ET L'ENFANT AVEC DEUX ANGES. Bas-relief de forme ovale en terrecuite d'un beau style sévère et vigoureux, attribué à Michel-Ange. Cadre en bois
- noir.

Diam. M. 0.65 - Min. M. 0.58.

Voir illustration, planche 40."
documents/BO0624_4399,5,512,"BUStE de donzelle à coiffure basse avec petites boucles tombant le long des joues, robe collante, la colerette en dentelle gotique et le cou entouré d'un rang de grosses perles. Marbre blanc, base ovale adérente. XVI siècle.","512. BUStE de donzelle à coiffure basse avec petites boucles tombant le long des joues, robe collante, la colerette en dentelle gotique et le cou entouré d'un rang de grosses perles. Marbre blanc, base ovale adérente. XVI siècle.

Voir illustration, planche 37.

## Étoffes et tapisseries."
documents/BO0624_4399,578,2,"devant une petite table sur laquelle on voit un livre. Regarde le spectateur presque de face. Les cheveux sur lesquels pose un diadème, ornées de perles et d'un gros rubis, sont légèrement relevés. Le corsage décolleté est garni de dentelles et de pierreries. Cadre en bois doré avec ornements sculptés.","2. devant une petite table sur laquelle on voit un livre. Regarde le spectateur presque de face. Les cheveux sur lesquels pose un diadème, ornées de perles et d'un gros rubis, sont légèrement relevés. Le corsage décolleté est garni de dentelles et de pierreries. Cadre en bois doré avec ornements sculptés.

Toile. M. 0.90 X 0.75
## ECOLE DE P. BORDONE."
documents/BO0624_4399,2,570,"PORTRAIT du patricien ventien ean ca nal a demi corps, tourné de trois quarts a droite, vetu de grande robe rouge; la main droite pose sur l'appui d'une fenêtre ouverte. En haut, a droite, l'inscription : IOANNES CANALIS MDLXXXX AEQUES. Cadre en bois doré surmonté d'un mascaron et orne de volutes.","570. PORTRAIT du patricien ventien ean ca nal a demi corps, tourné de trois quarts a droite, vetu de grande robe rouge; la main droite pose sur l'appui d'une fenêtre ouverte. En haut, a droite, l'inscription : IOANNES CANALIS MDLXXXX AEQUES. Cadre en bois doré surmonté d'un mascaron et orne de volutes.

Toile. Haut. M. 1.15 X 0.98

## JACOUES BERTUCCI.

A Vie siecle)."
documents/BO0624_4399,570,580,"LE COURONNEMENT DE LA VIERGE. Ce panneau de forme semi-circulaire surmon tait le grand retable formé de cing panneaux, pents par bertucc, de la chapelle érigée en 1508 par les Comtes Mengolini dans leghse annexe au monastere de SteCatherine de Faenza, supprime à l'époque de Napoléon ler. Le panneau central, re presentant l'Epiphanie, fut vendu en ce temps par l'acquereur du couvent et de l'église, Camille Bertoni, au Musée de Berlin ou il a été catalogué sous le nom de Pinturicchio, jusqu'à peu d'années arrière quand le prot. Bode, directeur du susdit Musée, depuis avoir examinés les deux panneaux laterales, representant St. Jean et Sainte Marie Madeleine, conserves dans la Pinacothèque de Faenza et le panneau dont il s'agit, a reconnu qu'il fallait rendre au tableau de Berlin le nom de son auteur. Le panneau qu'a présent on met en vente appartenat depuis longtemps a la tamille Guidi, et il est sans contredit supérieur aux autres du retable par la composition la pureté du dessin, le modele des figures et la vivacité du coloris.","580. LE COURONNEMENT DE LA VIERGE. Ce panneau de forme semi-circulaire surmon tait le grand retable formé de cing panneaux, pents par bertucc, de la chapelle érigée en 1508 par les Comtes Mengolini dans leghse annexe au monastere de SteCatherine de Faenza, supprime à l'époque de Napoléon ler. Le panneau central, re presentant l'Epiphanie, fut vendu en ce temps par l'acquereur du couvent et de l'église, Camille Bertoni, au Musée de Berlin ou il a été catalogué sous le nom de Pinturicchio, jusqu'à peu d'années arrière quand le prot. Bode, directeur du susdit Musée, depuis avoir examinés les deux panneaux laterales, representant St. Jean et Sainte Marie Madeleine, conserves dans la Pinacothèque de Faenza et le panneau dont il s'agit, a reconnu qu'il fallait rendre au tableau de Berlin le nom de son auteur. Le panneau qu'a présent on met en vente appartenat depuis longtemps a la tamille Guidi, et il est sans contredit supérieur aux autres du retable par la composition la pureté du dessin, le modele des figures et la vivacité du coloris.

Haut. M. 1.20 - Long. M. 2.50

Voir illustration, blanche 6."
documents/BO0624_4399,580,580,bis. PoRTRAIT de jeune femme poète. Pastel. Cadre en bois sculoté et doré.,"580bis. PoRTRAIT de jeune femme poète. Pastel. Cadre en bois sculoté et doré.

Haut. M. 0.65 X 0.52

vour wustration, planche 21.

(Alessandro Fihpepi).

(1447-1515)."
documents/BO0624_4399,580,58,"I. LA VIERGE ET L'ENFANT JESUS. La Vierge est representée a mi corps sur un siege bas, la tête couverte d'un léger voile qui retombe sur son front et sur ses epaules, vetue d'une robe rouge a manches collantes, serrée à la taille par une echarpe et dun manteau bleu fermé sur la poitrine. Ses regards s'abaissent tendrement sur le divin Fils qu'elle soutient sur ses genoux, vetu dune chemisette blanche. Fond de paysage montagneux dans leloignement. lableau tres precieux Cadre en bois dore","- 58I. LA VIERGE ET L'ENFANT JESUS. La Vierge est representée a mi corps sur un siege bas, la tête couverte d'un léger voile qui retombe sur son front et sur ses epaules, vetue d'une robe rouge a manches collantes, serrée à la taille par une echarpe et dun manteau bleu fermé sur la poitrine. Ses regards s'abaissent tendrement sur le divin Fils qu'elle soutient sur ses genoux, vetu dune chemisette blanche. Fond de paysage montagneux dans leloignement. lableau tres precieux Cadre en bois dore

Bois. Haut. M. o.40. - Larg. M. o.73

vow illustration, planche r.

## LUCA LONGHI."
documents/BO0624_4399,58,1507,1500).,1507-1500).
documents/BO0624_4399,1507,502,"NOCES DE SAINTE CATHERINE. La Madone, assise, tient sur les genoux l'Entant jesus qui présente l'anneau nuptial à Sainte Catherine agenouillée devant Lui: la mam gauche de la Sainte pose sur la roue du martyre. saint joseph. debout, derrière la Madone contemple le mariage mystique. Lenture de la belle maniere de Luca Longhi. Beau cadre en bois dore avec pampres et grappes de raisin sculptes et ajoures.","502. NOCES DE SAINTE CATHERINE. La Madone, assise, tient sur les genoux l'Entant jesus qui présente l'anneau nuptial à Sainte Catherine agenouillée devant Lui: la mam gauche de la Sainte pose sur la roue du martyre. saint joseph. debout, derrière la Madone contemple le mariage mystique. Lenture de la belle maniere de Luca Longhi. Beau cadre en bois dore avec pampres et grappes de raisin sculptes et ajoures.

Toile. M. 0.60 X 0.50.

Voir illustration, blanche 13.

## ANDRE DE MILAN

(XIV-XVe siécle)."
documents/BO0624_4399,502,583,"SAINT JEAN (demi corps). Bien modele, tin colors. Cadre dore.","583. SAINT JEAN (demi corps). Bien modele, tin colors. Cadre dore.

Bois. Haut. 058 X 0.15.

vow illustration, planche 1r.
## SIR JOSHUA REYNOLDS

(1723-1792."
documents/BO0624_4399,584,505,"PORTRAIT DE JEUNE FILLE, à demi buste de face, avec coiffure haute, robe bleue a broderie d'or, en grand décolleté et manches garnies de dentelles. Illanledu en satin blanc tombant du côte droit: des fleurs dans la main gauche. Cadre sculpté et dore","505. PORTRAIT DE JEUNE FILLE, à demi buste de face, avec coiffure haute, robe bleue a broderie d'or, en grand décolleté et manches garnies de dentelles. Illanledu en satin blanc tombant du côte droit: des fleurs dans la main gauche. Cadre sculpté et dore

Toile. Haut. M. 0.61 X 0 45

## J. KIBERA

dit L'espagnolet: 1588-1656)."
documents/BO0624_4399,505,58502,S. LA PIETE du Samaritain. Peinture sai sissante. Cadre en bois doré.,"58502S. LA PIETE du Samaritain. Peinture sai sissante. Cadre en bois doré.

Toile. Haut. M. L.35 - Larg. M. 1.95 Vour illustration, blanche 16

## LORENZO COSTA

(1530)."
documents/BO0624_4399,58502,586,SAINTE MARGUERITE. Avec la croix dans la main droite et un livre dans la mair gauche. Cadre en bois sculpté et doré,"586. SAINTE MARGUERITE. Avec la croix dans la main droite et un livre dans la mair gauche. Cadre en bois sculpté et doré

Bois. Haut. M. 0.82 X 0.51

## VITTORIO PISANELLO

XV° siècle)."
documents/BO0624_4399,586,507,"LADORATION DES MAGES. Carton pour tapissere dune ordonnance très riche. re. présentant, l'arrivée des Mages à Bethleem, avec une nombreuse suite de per sonnages a cheval, de serviteurs, etc.","507. LADORATION DES MAGES. Carton pour tapissere dune ordonnance très riche. re. présentant, l'arrivée des Mages à Bethleem, avec une nombreuse suite de per sonnages a cheval, de serviteurs, etc.

L'exactitude de la perspective. le dessit soigne des figures, la perfection dan: l'exécution des animaux justifient l'attri bution de ce carton au fameux Pisanello

Dimensions, M. 2.70 X 1.14

## VAN DYCK ANT"
documents/BO0624_4399,508,589,TOBIE ET L'ANGE. À la plume. Toli cadre en bois sculpté,"589. TOBIE ET L'ANGE. À la plume. Toli cadre en bois sculpté

M. o.1o Y 0.08

## DEL PIOMBO SEBAST"
documents/BO0624_4399,605,607,"COFFRET de forme rectangulaire à couvercle plat, recouvert de cuir brun foncé orné de feuillages, de lions et griffons gra ves. ravall venitien. Commencement du A Vie siècle.","607. COFFRET de forme rectangulaire à couvercle plat, recouvert de cuir brun foncé orné de feuillages, de lions et griffons gra ves. ravall venitien. Commencement du A Vie siècle.

Long. M. 0.52 - Larg. M. o.31 - Haut. M. 0.22"
documents/BO0624_4399,630,140,583,"140

583

<!-- image -->"
documents/BO0624_4399,140,14,5,"14.5

<!-- image -->

<!-- image -->"
documents/BO0624_4399,14,320,e7C,"320 e7C

<!-- image -->
<!-- image -->

<!-- image -->"
documents/BO0624_4399,320,582,<!-- image -->,"582

<!-- image -->
<!-- image -->
<!-- image -->

<!-- image -->"
documents/BO0624_4399,582,200,hie,200 hie
documents/BO0624_4399,200,585,bis,"585 bis

<!-- image -->

<!-- image -->
<!-- image -->

<!-- image -->"
documents/BO0624_4399,585,23,₴,"23₴

<!-- image -->

<!-- image -->
<!-- image -->

<!-- image -->
<!-- image -->

<!-- image -->
<!-- image -->

00U 018

<!-- image -->"
documents/BO0624_4399,23,4710,<!-- image -->,"4710

<!-- image -->

<!-- image -->
<!-- image -->

<!-- image -->

<!-- image -->

<!-- image -->
<!-- image -->"
documents/BO0624_4399,4710,262,<!-- image -->,"262

<!-- image -->
<!-- image -->

<!-- image -->
<!-- image -->"
documents/BO0624_4399,262,166,<!-- image -->,"166

<!-- image -->
<!-- image -->
<!-- image -->
<!-- image -->"
documents/BO0624_4399,166,513,<!-- image -->,"513

<!-- image -->
<!-- image -->

<!-- image -->
<!-- image -->

<!-- image -->

<!-- image -->

<!-- image -->

<!-- image -->

<!-- image -->

<!-- image -->

<!-- image -->

<!-- image -->

<!-- image -->

<!-- image -->

<!-- image -->

<!-- image -->
<!-- image -->
<!-- image -->"
documents/BO0624_4399,513,132,<!-- image -->,"132

<!-- image -->

<!-- image -->

<!-- image -->

<!-- image -->

<!-- image -->

<!-- image -->"
documents/BO0624_4399,132,396,<!-- image -->,"396

<!-- image -->"
documents/BO0624_4399,396,395,395,"395

395
<!-- image -->
012"
documents/BO0624_4399,395,594,<!-- image -->,"594

<!-- image -->"
documents/BO0624_4399,594,158,bis,"158 bis

<!-- image -->"
documents/BO0624_4399,158,158,bis,"158 bis

<!-- image -->

<!-- image -->

<!-- image -->"
documents/BO0624_4399,158,425,<!-- image -->,"425

<!-- image -->"
documents/BO0624_4399,425,596,<!-- image -->,"596

<!-- image -->
<!-- image -->
<!-- image -->
<!-- image -->"
documents/BO0624_4399,596,11742,<!-- image -->,"11742

<!-- image -->
<!-- image -->
<!-- image -->
<!-- image -->"
documents/BO0624_4399,11742,929,<!-- image -->,"929

<!-- image -->"
documents/BO0624_4399,929,362,<!-- image -->,"362

<!-- image -->

<!-- image -->"
documents/BO0624_4399,362,40,<!-- image -->,"40

<!-- image -->"
documents/BO0624_4399,40,455,<!-- image -->,"455

<!-- image -->

<!-- image -->

<!-- image -->"
documents/BO0624_4399,455,266,h19,"266 h19

<!-- image -->"
documents/BO0624_4399,266,274,<!-- image -->,"274

<!-- image -->"
documents/BO0624_4399,274,364,<!-- image -->,"364

<!-- image -->"
documents/BO0624_4399,364,272,<!-- image -->,"272

<!-- image -->

<!-- image -->"
documents/BO0624_4399,272,364,<!-- image -->,"364

<!-- image -->

<!-- image -->

<!-- image -->

<!-- image -->

<!-- image -->

<!-- image -->"
documents/BO0624_4399,364,1620,<!-- image -->,"1620

<!-- image -->"
documents/BO0624_4399,1620,452,<!-- image -->,"452

<!-- image -->
<!-- image -->

<!-- image -->

<!-- image -->

<!-- image -->"
documents/BO0624_4399,452,315,<!-- image -->,"315

<!-- image -->

<!-- image -->

<!-- image -->

<!-- image -->

<!-- image -->

<!-- image -->

<!-- image -->"
documents/BO0624_4399,315,523,bis,"523 bis

<!-- image -->
<!-- image -->

<!-- image -->"
documents/BO0624_4399,523,435,<!-- image -->,"435

<!-- image -->"
documents/BO0624_4399,435,1351,<!-- image -->,"1351

<!-- image -->

<!-- image -->

<!-- image -->

<!-- image -->

<!-- image -->

<!-- image -->

<!-- image -->

<!-- image -->

<!-- image -->"
documents/BO0624_4399,1351,433,<!-- image -->,"433
<!-- image -->

<!-- image -->

<!-- image -->

<!-- image -->
<!-- image -->
<!-- image -->"
documents/BO0624_4399,433,379,<!-- image -->,"379
<!-- image -->

0114.

<!-- image -->
<!-- image -->
<!-- image -->
<!-- image -->"
