index,num,title,text,catalogue_id,image_online
1,I2,## FRANCOIS POURBUS (DIT LE JEUNE).,"I2

## FRANCOIS POURBUS (DIT LE JEUNE).

## Ecolefamande,1570-1622

Portrait de gentilhomme flamand represente a mi-jambe.

Le modele,un homme d'unetrentaine d'annees, est vetu a la mode de la fin du xvie siecle. Pourpoint a crevees de drap vert-olive, allonge comme la cuirasse dite: en bosse de polichinelle,manches tailladees en soie lie de vin, chausses amples en drap noir. Grande fraise de toile et manchettes tuyautees. La main gauche est appuyee sur une rapiere a garde compliquee d'acier fourbi,la main droite tient des gants en peau de daim.

Au fond une colonnade et une vue de chateau avec jardin.",documents/BO0624_83643,http://137.204.64.39/image/iiif/3/BO0624_83643!BO0624_83643_000071-p.%208.jpg/full/max/0/default.jpg
2,I,nscription:ETATIS SUE:..6.(26) 1594,"Inscription:ETATIS SUE:..6.(26) 1594

Bois, Haut.1.20;Larg.o.go.

## ADRIEN KEY

Ecole flamande,xvie siecle

## Portrait d'homme.

Tete energique, de type bien flamand, d’un homme de trente-cinq ans environ.

Teint colore, yeux bleus, cheveux drus coupes court, barbe negligee, menton saillant, levres accentuees.

Costume de la fin du xvie siecle.

Pourpoint noir uni a fraise tuyautee.

Bois, Haut, o 45; Larg.0.32.",documents/BO0624_83643,http://137.204.64.39/image/iiif/3/BO0624_83643!BO0624_83643_000071-p.%208.jpg/full/max/0/default.jpg
3,I3,## INCONNU. MoNOGRAMME H.A.D.fec.,"I3

## INCONNU. MoNOGRAMME H.A.D.fec.

Ecole flamande,xvire siecle

## Vanitas.

Dans une niche pratiquee dans lepaisseur d'un mur sont groupes : une tete de mort jaunie par l'humus, une lampe de terre, un bouquet de feurs, etc. Une bulle de savon plane a la partie superieure du tableau. Panneau marque, au feu, des armes d'Anvers.

Bois.Haut.o.46;Larg.o.35.

JEAN DE BRAY

Harlem1697

## Portrait d'homme.

Le modele est represente en buste vetu d'un pourpoint noir uni, sur lequel tranche une large collerette blanche. Figure pleine et coloree, empreinte de melancolie et de fermete. Regard divergeant. Longs cheveux blonds boucles, petite moustache.

Signe : J. BRAy.

Bois,Haut.o.7o;Larg.o.54",documents/BO0624_83643,http://137.204.64.39/image/iiif/3/BO0624_83643!BO0624_83643_000082-p.%209.jpg/full/max/0/default.jpg
4,16,## PIERRE-ALEXANDRE WILLE,"16

## PIERRE-ALEXANDRE WILLE

## Peintre du roi(Paris) 1748-1821

Ecole francaise.

## Portrait de jeune dame.

Le modele,represente jusqu’aux genoux, semble age de vingt-cinq a vingt-six ans;il est assis sur un sopha et appuye sur d'amples coussins recouverts de damas de soie d''un ton dore.La figure est reguliere et avenante,encadree d'une ample coiffure a marabouts dans le gout des dernieres annees du regne de Louis XVI. La robe de satin blanc, galonnee de ruban rose,est tres ouverte sur la poitrine;le sein transparait a travers le fichu de gaze. Sans doute d'agreables souvenirs s'évoquent dans l'esprit de la jeune femme qui fixe en souriant un portrait et d'un geste de la main portee a la bouche semble esquisser un baiser adresse a l'absent.

Signe: P.A.WILLE, flius pinxit, 1778 (et le n°45).

Voir la notice sur ce meme tableau dans la Gazette des

Toile. Haut.o 73; Larg o.58.

Beaux-Arts, année 188g, 1er semestre,page 423,ou il est reproduit en gravure.

## P.-P.RUBENS (Attribue a)

Ecole flamande,1577-1640

## Lions portant des amours.

Deux petits genies ailes, portant des fambeaux, chevauchent des lions.

Toile. Haut. 1.7o; Larg.1.80.

La facture large et facile de ce panneau plaide l'attribution qui en a ete faite par beaucoup de connaisseurs au genial decorateur des fetes offertes par Anvers aux archiducs Albert et Isabelle.",documents/BO0624_83643,http://137.204.64.39/image/iiif/3/BO0624_83643!BO0624_83643_000091-p.%2010.jpg/full/max/0/default.jpg
5,18,19,"18

19

## DAvID TENIERS (Attribue a)

Ecole flamande,161o-16go.

## Fete villageoise flamande.

Des paysans sont reunis a la limite d'un village, pres d'une auberge. Le cornemuseux, monte sur un tonneau, sonne le branle qu'execute un couple de jeunes danseurs, sans doute reputes, car les groupes attables ou debout au fond suivent leurs evolutions avec un visible interet. Une exception toutefois a faire,un ivrogne assoupi sur un tonneau,au premier plan,a gauche,ronfe en tournant le dos aux dan- seurs.

A droite, au premier plan egalement, un pittoresque amas de balais, terrines et chaudrons. A droite aussi une echappee de paysage.

Provient du cabinet Van Hove, de Gand.Monogramme.

Bois, Haut.o.43; Larg o.50.

## LE MEME (D'apres)

## Le Diner champetre.

Une famille noble, dans laquelle il n'est pas difficile de reconnaitre Teniers et les siens, dine en plain air. Des musiciens ambulants ajoutent au repas le charme hypothetique d'une symphonie de plein air. Jolie etude executee,d'apres le tableau original, par Eugene de Block.

Toile,Haut.o.24;Larg.o.30.

## LE MEME (D'apres)

## Philemon et Baucis.",documents/BO0624_83643,http://137.204.64.39/image/iiif/3/BO0624_83643!BO0624_83643_000092-p.%2011.jpg/full/max/0/default.jpg
6,I,"nterieur rustique encombre d'ustensiles et eclaire par une fenetre ensoleillee. Une vieille femme lit, un vieillard appuye sur deux batons l'ecoute. Jolie copie, executee par le peintre gantois J. Geirnaert.","Interieur rustique encombre d'ustensiles et eclaire par une fenetre ensoleillee. Une vieille femme lit, un vieillard appuye sur deux batons l'ecoute. Jolie copie, executee par le peintre gantois J. Geirnaert.

Toile.Haut.o.24;Larg.0.20.",documents/BO0624_83643,http://137.204.64.39/image/iiif/3/BO0624_83643!BO0624_83643_000092-p.%2011.jpg/full/max/0/default.jpg
7,20,2I,"20

2I",documents/BO0624_83643,http://137.204.64.39/image/iiif/3/BO0624_83643!BO0624_83643_000101-p.%2012.jpg/full/max/0/default.jpg
8,212,23,"212

23

## ANToINE VAN DYCK (Attribue a)

Ecole famande159g·1641

## Saint Jean et l'Enfant Jesus.

Ebauche.

Toile.Haut.1.1o;Larg.o.70.

Provient de la vente Van Hanselaere.

DIRCK HALS (Attribuee a)

Ecolehollandaise656

## Portrait d'homme

Costume du xvile siecle. Large fraise tuyautee. Tete d'homme de cinquante ans, vigoureusement modelee.

Bois.Haut,o.45;Larg.o.34.

## BOYERMANS

Saint Charles Borromee donnant lextreme-onction a des pestiferes.

Esquisse.

Toile. Haut.o.34;Larg.0.28.

ANT.VAN DYCK(D'apres)

La Vierge aux donateurs.

Bonne copie du tableau du Louvre.

Toile. Haut.o.7o;Larg.o.40.",documents/BO0624_83643,http://137.204.64.39/image/iiif/3/BO0624_83643!BO0624_83643_000101-p.%2012.jpg/full/max/0/default.jpg
9,25,26,"25

26",documents/BO0624_83643,http://137.204.64.39/image/iiif/3/BO0624_83643!BO0624_83643_000112-p.%2013.jpg/full/max/0/default.jpg
10,27,## J.F.BARBIERI dit le GUERCHIN,"27

## J.F.BARBIERI dit le GUERCHIN

Ecole italienne,1591-1666

## La Curiosite.

Trois filles d'Eve auxquelles, apparemment,on a defendu de se rendre compte de ce que renferme un vaste panier, succombenta l'invincible tentation;l'une d'elles souleve lecouverprudemment a l'écart. Un serpent apparaissant par I'hiatus des clissages, prouve que les curieuses a cle non sans quelqu'apprehension.Les deux autres se tiennent avaient raison de se mefier et auront lieu bientot de se repentir.

Toile, Haut.1.35;Larg.I.40.

BARTH. EsTEB. MURILLO (Attribué a)

Ecole espagnole,1618-1682

Vierge a l'Enfant.

La Vierge assise est plongee dans une lecture. L'Enfant Jesus, debout sur le giron de sa mere,lui passe le bras autour du cou.

Toile. Haut. o 72; Larg.0 60.

## INCONNU

Ecole famande, xvie siecle

La Vierge, couronnee de roses,allaite l'Enfant Jesus.

Armoiries au fond.

Toile.Haut.o.8o;Larg.o.60

LE CORREGE (D'apres)

Marie-Madeleine au desert.",documents/BO0624_83643,http://137.204.64.39/image/iiif/3/BO0624_83643!BO0624_83643_000112-p.%2013.jpg/full/max/0/default.jpg
11,28,29,"28

29",documents/BO0624_83643,http://137.204.64.39/image/iiif/3/BO0624_83643!BO0624_83643_000121-p.%20%5B14%5D.jpg/full/max/0/default.jpg
12,30,31,"30

31

## TABLEAUX MODERNES

## LAPITO

Ecole frangaise

Sous-Bois.

'Paysage. Au bas d’une cote, un chemin defonce.

Toile, Haut.o.5o;Larg.0 36.

L.ROBBE

Paysage avec bestiaux.

Ane et vaches paissant dans une prairie pres des dunes de West-Flandre.

Toile.Haut.o-35;Larg.o.55.

DE MAERTELAERE

Etude de foret (Fontainebleau).

Toile.Haut.0.32;Larg. 0.28.

A.HEINS

Automne.

Sur un coin de table, recouvert en partie d'une etoffe, un bouquet de chrysanthemes s'échappe d'un vase marocain a decor emaille, une branche de houx marin, un livre entr'ouvert sur lequel fume un cigare.

Toile. Haut,o.75; Larg o.55.",documents/BO0624_83643,http://137.204.64.39/image/iiif/3/BO0624_83643!BO0624_83643_000121-p.%20%5B14%5D.jpg/full/max/0/default.jpg
13,33,34,"33

34

Chien.

Petit chien ratier a poil fauve couche sur une chaise renaissance couverte de cuir dore.

Signe:ALBERT ToEFFAERT 1885.

Bois. Haut. o.32;Larg.0.23.

THEOPHILE DE BOCK

## Paysage hollandais.

Le long d'un canal, une grande route plantee d'arbres, au bord de laquelle se dresse une petite ferme. Prairies s'etendant a perte de vue. Au premier plan, un radeau fotte sur le canal ou poussent des ajoncs.

Signe:THEOPHILE DE BoCK.

Toile. Haut o.54; Larg.o.82

## LANGEROCK

Paysage.

Site accidente. Une mare entouree de rochers et ombragee d'arbres.

## ALBERT TOEFFAERT

Bois.Haut.o.25;Larg.o.30.",documents/BO0624_83643,http://137.204.64.39/image/iiif/3/BO0624_83643!BO0624_83643_000122-p.%2015.jpg/full/max/0/default.jpg
14,36,37,"36

37

## L.DELPEREE

## Pourquoi pas?

Un moine blanc au froc frange par un long usage,a trouve, dans un atelier de peintre,une defroque de cardinal; il s'est coiffe du chapeau et s'est jete la cape sur les epaules. ll eut pu tout aussi bien endosser la robe qu'il tient a la main. Le Frater, se regardant dans une glace, semble dire: 《A quoi tiennent les dignites ecclesiastiques, le cardinalat m'irait-il donc si mal ?》

Signe:L. DELPEREE.

Bois. Haut.o.86;Larg.0.3o.

## MARTIN CAVEL.

## Un coin d'atelier chez Vollon.

Un fouillis d’accessoires de toute nature, jetes en desor-

Des livres, des armes,une guitare, des etoffes, des bouteilles,des chassis, forment un pittoresque ensemble,d'ou dre, encombre une table et ses abords.

emerge une tete de petite,fille brossee sur un petit panneau, d'apres Chardin ou Frans Hals.

Signe: F: MARTiN CAvEL, 《un coin de latelier de

Toile Haut.o.8o;Larg.1.oo.

## TH.LYBAERT.

## Die Moeder van Smerten.

La Vierge deja agee est en priere; un trait de feu place

Fond dore avec etoffe drapee a la partie inferieure.

a hauteur du cceur symbolise ses souffrances morales.

Execute dans le style des gothiques famands du xve siecle.

Signe : TH. LyBAERT, 1888.

Bois.Haut.o.38;Larg.0 24.

M.Vollon.》",documents/BO0624_83643,http://137.204.64.39/image/iiif/3/BO0624_83643!BO0624_83643_000131-p.%2016.jpg/full/max/0/default.jpg
15,38,39,"38

39",documents/BO0624_83643,http://137.204.64.39/image/iiif/3/BO0624_83643!BO0624_83643_000142-p.%2017.jpg/full/max/0/default.jpg
16,40,## L'Epave.,"40

## L'Epave.

La tempete a ramene pres de la cote une chaloupe de peche desemparee et vide. La lune se leve sur les fots encore agites. Un corbeau plane sur la rive.

Toile.Haut,o.35;Larg.o.55.

## A.ROSZMANN.

## Etude de jeune femme.

Buste de femme brune, se detachant énergiquement sur fond clair.

Toile.Haut. o.44;Larg.o 35.

## P.OYENS.

## Le Liseur.

Un homme, corpulent et sanguin,physionomie deja vue pour tous ceux qui connaissent les tableaux des freres Oyens, est assis dans un fauteuil et semble absorbe par une attachante lecture; il est coiffe d'un berret rouge a galons noirs.

Bois. Haut.o.37;Larg.o 30,

FELIX DE BAERDEMAECKER.

## Ferme pres de Dinant.

Dans un site ombrage de bouquets d''ormes, de vieilles constructions se dressent pres d'un ruisseau.

Signe:FELIX DE BAERDEMAECKER.

Toile.Haut.o.5o;Larg.o.75.

## ARTAN.",documents/BO0624_83643,http://137.204.64.39/image/iiif/3/BO0624_83643!BO0624_83643_000142-p.%2017.jpg/full/max/0/default.jpg
17,42,43,"42

43",documents/BO0624_83643,http://137.204.64.39/image/iiif/3/BO0624_83643!BO0624_83643_000151-p.%2018.jpg/full/max/0/default.jpg
18,44,45,"44

45

## THEOPH.VAN RYSSEBERGHE.

## Bedouin au repos.

Un Bedouin,tenant son fusil a deux mains,est assis sur un tapis. Accessoires divers.

Toile.Haut. o.4o;Larg.0.46.

## R.WYTSMAN.

## Dans les dunes.

Large etendue de dunes, vers le soir, en automne.

Toile.Haut 1.oo;Larg.1.50.

## F.RINGEL.

## L'Echo du Parlement.

Un joyeux gavroche,accoutre d'une camisole rouge et la gibeciere a journaux en sautoir, crie a tue-tete: L'Echo du Parlement pour demain! La naivete de cette figure populaire, l'entrain de cet auxiliaire inconscient de la politique, ont éte saisis sur le vif par l'artiste.

Signe.: F.RINGEL,1874.

Toile. Haut, o.7o; Larg. o.8o.

## V.SIMMLER.

## Braconniers surpris.

La scene, qui pourrait aisement tourner au drame, se passe au fond d'un bois roussi par la chute des feuilles. Deux robustes gars de la campagne,la face maquillee de suie, ont conquis un chevreuil, mais sans doute, leurs coups de fusil ont donne léveil aux gardes; au loin apparait un chien de chasse.

Les maraudeurs s'arretent, aux aguets. L'un d'eux, en blouse, tient le chevreuil; l'autre,pieds nus,a jete habit bas, il a le fusil en arret, dans sa poche un large couteau pret a servir. Comment se terminera cette emouvante rencontre?

Toile.Haut.o 8o;Larg. 1.10.

Signe:V. SIMMLER,Ddf.,1874.",documents/BO0624_83643,http://137.204.64.39/image/iiif/3/BO0624_83643!BO0624_83643_000151-p.%2018.jpg/full/max/0/default.jpg
19,46,47,"46

47",documents/BO0624_83643,http://137.204.64.39/image/iiif/3/BO0624_83643!BO0624_83643_000152-p.%2019.jpg/full/max/0/default.jpg
20,49,## Fleurs.,"49

## Fleurs.

Bouquet touffu de chrysanthemes s'échappant d'un rustique vase de terre; a cote, sur un coin de table, un plateau en porcelaine blanche renfermant une peche et des grappes de raisin blanc et noir.Elements fort simples qui ont suffi a l'artiste pour creer une jolie ceuvre, dans le gout de Chardin.

Signe:V.DUBOURG,1873.

Toile,Haut,0.47;Larg.0.40,

## F.MASSON.

## VICTORIA DUBOURG.

## Crepuscule.

Deux jeunes femmes sont assises dans un site boise. Une troisieme, debout, écoute l'Amour qui lui fait une ceinture de ses bras.

Signe : F. MAssON.

## R.WYTSMAN.

## Paysage d'italie.

Terrain mouvemente ou, parmi de larges pans de talus gazonnes, se montrent des fondrieres. Montagnes a l'horizon.

Signe:R.WYTSMAN-MoRINO,1883.

Toile. Haut. 1.oo;Larg. 1.35.

## LE MEME.

Fleurs.

Roses-the et violettes.

Bois,Haut,o.35;Larg.o.30.

Haut.0.20;Larg. 0.27.",documents/BO0624_83643,http://137.204.64.39/image/iiif/3/BO0624_83643!BO0624_83643_000152-p.%2019.jpg/full/max/0/default.jpg
21,50,53,"50

53",documents/BO0624_83643,http://137.204.64.39/image/iiif/3/BO0624_83643!BO0624_83643_000161-p.%2020.jpg/full/max/0/default.jpg
22,54,Marine.,"54

Marine.

Des center-boats filent le long d'une berge plantee d'arbres, aux approches d'un temps orageux. Un canot monte par une equipe de quatre rameurs semble lutter de vitesse avec des barques a voile.

## JULES GODENNE.

Bois Haut,o 4o;Larg.0.65

HENRI LEYS.

A l'eglise.

Un vieillard qui, de par son costume, semble appartenir a la noblesse ou a la magistrature, est assis au banc des notables et s'est assoupi. Nombreuses figures dans le fond.

Signe: HENRI LEYs,1856.

Toile Haut o22;Larg.010.

JOSEPH PAUWELS.

Paysage.

Sous-bois, avec figures.

Bois.Haut.o.23;Larg:0.25.

AUG,DAEL.

Etude de fleurs.

Toile,Haut.o 46;Larg.o.32.

LE MEME

Paysage.

Jardin en temps d’orage.

Toile.Haut,o.8o;Larg,1.oo.",documents/BO0624_83643,http://137.204.64.39/image/iiif/3/BO0624_83643!BO0624_83643_000161-p.%2020.jpg/full/max/0/default.jpg
23,56,57,"56

57",documents/BO0624_83643,http://137.204.64.39/image/iiif/3/BO0624_83643!BO0624_83643_000172-p.%2021.jpg/full/max/0/default.jpg
24,58,## La Sieste.,"58

## La Sieste.

Etude de plein air. Une jeune femme, assise, apres dejeuner, s'est mise un peu a l'aise... pour dormir.

Bois,Haut,o.52;Larg.0 46.

## LE MEME

Gigolette.

Etude dune fille, quelques leurs attachees aux cheveux, un corsage de toile.

Signe:A.DAEL,1885.

Toile,Haut.o 55;Larg 0.42.

## LE MEME

Un coin d'atelier.

Une jeune femme est assise devant un chevalet. Un jardin apparaissant par des fenetres forme le fond.

Signe:Aug. DAEL.

Bois.Haut.o.6o;Larg.048.

## LE MEME

Jalousie.

Jeune femme, la poitrine nue,un collier de sequins au cou, une draperie blanche jetee sur la tete, le corps drape de soie jaune. Au fond, des buissons de feurs.

Signe :A. DAEL·

Toile. Haut.1.15;Larg.o.88.

## AUG.DAEL",documents/BO0624_83643,http://137.204.64.39/image/iiif/3/BO0624_83643!BO0624_83643_000172-p.%2021.jpg/full/max/0/default.jpg
25,60,61,"60

61",documents/BO0624_83643,http://137.204.64.39/image/iiif/3/BO0624_83643!BO0624_83643_000181-p.%2022.jpg/full/max/0/default.jpg
26,62,63,"62

63

## La Liseuse.

Jeune femme assise en plein air, feuilletant un livre.

Toile.Haut.o.72;Larg.o55.

## LE MEME

## La Malade.

Etude de femme.

Signe:A.DAEL,Paris,1886.

## LE MEME

Etude de jeune femme.

Toile.Haut.o5o;Larg.0 45.

## LE MEME

Villegiature.

Une femme coiffee d'un chapeau de paille et tenanta la main des feurs des champs, se dirige vers un banc de jardin, derriere lequel un champ de blé.

Toile. Haut.o.54;Larg.o.34

## LEMEME

Etude de pivoines.

Toile. Haut,o.48;Larg.o.32.

## AUG.DAEL",documents/BO0624_83643,http://137.204.64.39/image/iiif/3/BO0624_83643!BO0624_83643_000181-p.%2022.jpg/full/max/0/default.jpg
27,64,65,"64

65",documents/BO0624_83643,http://137.204.64.39/image/iiif/3/BO0624_83643!BO0624_83643_000182-p.%2023.jpg/full/max/0/default.jpg
28,66,67,"66

67",documents/BO0624_83643,http://137.204.64.39/image/iiif/3/BO0624_83643!BO0624_83643_000182-p.%2023.jpg/full/max/0/default.jpg
29,68,## L'Odalisque.,"68

## L'Odalisque.

Etude de femme, en buste, collier de sequins, draperie de soie rouge.

Toile.Haut, o.75;Larg. 0.46.

## LE MEME

## Les Demolisseurs (Esquisse).

Etude des terrains de demolition des glacis de la citadelle de Gand.

Signe:A. DAEL, 1885.

## LEMEME

## Viendra-t-il?

Une jeune femme, jolie figure, costume modeste,est assise et semble s'impatienter. C'est un modele attendant l'artiste.

Toile.Haut.o.95;Larg.o.45.

Signe: A.DAEL, 1885.

## AUG.DAEL

## Etude de jeune paysanne.

Signé:A.DAEL,1883.

Toile.Haut.o.6o:Larg o 45.

## LE MEME

## Danseuse au tambourin.

Toile.Haut. o.5o;Larg.0.25.

## LEMEME",documents/BO0624_83643,http://137.204.64.39/image/iiif/3/BO0624_83643!BO0624_83643_000182-p.%2023.jpg/full/max/0/default.jpg
30,70,71,"70

71",documents/BO0624_83643,http://137.204.64.39/image/iiif/3/BO0624_83643!BO0624_83643_000191-p.%2024.jpg/full/max/0/default.jpg
31,72,73,"72

73

Marine.

Barques echouees sur la plage.

Signe:Heyst.Etude. J.V.D. S.

Toile,Haut,o.5o; Larg.0.70.

## AUG.DAEL

## Le Petit Modele.

Etude de petit garcon.

Toile.Haut.o.4o;Larg.o.25.

## NICOLASVAN DEN EEDEN

Etude de jeune fille.

Toile. Haut.o.58;Larg.o.38.

## LE MEME

Etude de petit garcon.

Toile, Haut.o.3o; Larg.o.25.

ARM.HEINS

Marine.

Des pecheurs sont groupes au bord de la mer apres un orage.

Signe:A. HEINs, 1893.

Toile.Haut. o.7o;Larg.o.50.

J.VAN DER STRAETEN",documents/BO0624_83643,http://137.204.64.39/image/iiif/3/BO0624_83643!BO0624_83643_000191-p.%2024.jpg/full/max/0/default.jpg
32,74,75,"74

75",documents/BO0624_83643,http://137.204.64.39/image/iiif/3/BO0624_83643!BO0624_83643_000192-p.%2025.jpg/full/max/0/default.jpg
33,77,## AUG.DAEL,"77

## AUG.DAEL

Paysage avec figures.

Toile. Haut. 1.oo;Larg. I.40.

## G.VAN AISE

## Modele attendant la pose.

Une femme, assise sur un sopha, tient un album de photographies.

## LE MEME

## Saint Lievin en Flandre.

Le saint, exercant son apostolat en Flandre,impose les doigts aux yeux d'un aveugle. Un diacre l'accompagne. Des campagnards, attires par la renommee du saint, sont groupes au meme plan, pres d'une petite ferme a toit de chaume.

Au fond, échappee de paysage famand que traverse un char a bceufs.

Toile.Haut.1.oo;Larg.1.20.

## LE MEME

Prairies de faubourg a Gand.

Etude. Crepuscule.

Signe: G.VAN AIsE,1877.

Toile.Haut.o.64;Larg. o.44.

Toile Haut.o.55;Larg.0.40.",documents/BO0624_83643,http://137.204.64.39/image/iiif/3/BO0624_83643!BO0624_83643_000192-p.%2025.jpg/full/max/0/default.jpg
34,79,80,"79

80",documents/BO0624_83643,http://137.204.64.39/image/iiif/3/BO0624_83643!BO0624_83643_000201-p.%2026.jpg/full/max/0/default.jpg
35,81,82,"81

82

## Etude.

Un vieillard en costume Louis XV, debout dans l'embrasure d'une porte; souleve une portiere de velours.

Signe: G.VAN AIsE, 1877.

## G.VAN AISE

## En attendant la bien-aimee.

Un jeune homme en costume du xvire siecle attend, une rose a la main.

Au fond, une draperie rayee, d’un ton dore, et une echappee de jardin.

Signee G.VAN AIsE, 1878.

## LE MEME

La Faunesse.(Buste.)

Signe: G.VAN AIsE,Bruxelles, 1881,

Toile.Haut.o 45;Larg.o.35.

## LE MEME

## Coin de musee.

Etude faite au Musee de Cluny.A droite, une salle avec lit de parade; sur la gauche, une statue de saint en bois sculpte est debout sur un bahut, devant une glace ou se reflechit un coin de salle d'armes.

## LE MEME

Etude de vieillard. (Buste.)

Toile.Haut,o 58;Lar g.o.40.

## LE MEME",documents/BO0624_83643,http://137.204.64.39/image/iiif/3/BO0624_83643!BO0624_83643_000201-p.%2026.jpg/full/max/0/default.jpg
36,84,85,"84

85

## XAVIER DE COCK

## Vaches a l'abreuvoir.

Une vache a robe blanche, une vache noire et une vache alezane se dirigent vers un ruisseau, conduites par une petite s'enfoncent dans les hautes herbes,et des peupliers plantes

Signature et date, 1875.

paysanne au costume pittoresque. Les betes et l'enfant drus, forment derriere eux, un rideau de fond opaque et verdoyant ou se joue la lumiere d'une claire journee d'ete.

Toile.Haut.1.o5;Larg.o.80.

## LE MEME

## Un ruisseau en Flandre.

Le ruisseau ou barbotte une troupe de canards fait une. trouee entre les rives couvertes d'un fouillis d'arbustes. Sur les verts intenses des saules et des frenes éclaires par transparence se detachent les troncs sombres des saules tailles en tetards. Au premier plan, des ajoncs et des fleurs

Signe et date, 1875.

Toile. Haut,1.oo; Larg.1.50.

## LEMEME

## Moutons dans une prairie.

Jour d'ete legerement couvert. Un troupeau de moutons pait dans une prairie des Flandres,a la lisiere d'un petit bois taillis, qui, s'éclaircissant vers la droite, laisse voir une echappee de paysage.

Signature et date: 1863.

Les animaux, peints avec une verite d'observation frappante, sont groupes dans des attitudes tres variees.Le berger, un bonhomme vetu d'une blouse et coiffe d'un haut de forme,fait,au fond,la causette avec de petitsramasseurs d bois mort.

Toile,Haut.1.3o;Larg.1.85

d'eau aux tons eclatants.",documents/BO0624_83643,http://137.204.64.39/image/iiif/3/BO0624_83643!BO0624_83643_000202-p.%2027.jpg/full/max/0/default.jpg
37,88,8g,"88

8g

## Basse Cour.

Pres d'une petite ferme flamande, sous les pommiers charges de fruits d'un modeste verger,de petits enfants assisenrond devisent d'affaires probablement importantes; des poules picorent l'herbe, le chat ronronne au pied d'un arbre. Trois jeunes porcs ont ete admis a l'intimite de la famille, mais lheure de rentrer a l'etable,a sonne et une vieille paysanne,a figure digne de Breughel, chassea coups de baton un de ces compagnons de saint Antoine.

Toile.Haut.o.48;Larg.0.70.

Signe:XAvIER DE CocK, i865.

## LE MEME

## La Petite Gardeuse de vaches.

Soir d'une journeed'ete pluvieuse. Une fillette mene deux vaches paissant dans une prairie. La Lys la separe du fond du paysage montrant des prairies,une église de village et des fermes ombragees de bouquets d'arbres ou transparait le soleil couchant.

Toile.Haut.o.7o;Larg.1.06.

## CESAR DE COCK

## Le Ruisseau.

Un bouquet de saules se dresse a lavant-plan, penche sur un ruisseau que longe un sentier ou passe un chasseur. Sur la rive opposee, des vaches paissent dans une prairie ombragee d'arbres.

## XAVIER DE COCK

## Berger et troupeau traversant un gue.

Euvre des debuts du celebre animalier. (1845.)

Bois.Haut.o.38;Larg.o34

## LE MEME

Toile.Haut.o.35;Larg.o.5o.",documents/BO0624_83643,http://137.204.64.39/image/iiif/3/BO0624_83643!BO0624_83643_000211-p.%2028.jpg/full/max/0/default.jpg
38,91,92,"91

92",documents/BO0624_83643,http://137.204.64.39/image/iiif/3/BO0624_83643!BO0624_83643_000222-p.%2029.jpg/full/max/0/default.jpg
39,93,94,"93

94

## Sous-Bois.

Les longues tiges des hetres montant droit tamisent le jour qui ne penetre dans le bois qu'avec des reflets de crepuscule. Au sommet, des coups de lumiere vifs font briller des troncs de bouleaux. Une figure de femme.

Toile.Haut o.65;Larg.0.45.

Signe.

## J.GEIRNAERT

## Chez le notaire.

Des paysans groupes autour du bureau d'un notaire campagnard, dans une vaste salle, discutent avec lui quelqu'affaire d'interet.

Bois.Haut.o.25;Larg.0.30.

## J.PAELINCK

L'Indiscret Mentor.

Bois. Haut.o.14;Larg.0 21

## LE MEME

Daphnis et Chloe.

Bois.Haut,o.15;Larg.0.12.

## CESAR DE COCK

## Sous-Bois au printemps.

Eclaircie au fond des halliers d'un bois en Flandre. Des perspectives s'échappent a travers les souples rameaux d'ar-

Signe et date 1882.

bres verts que troue la lumiere d'un ciel pluvieux.

Toile.Haut.I.oo;Larg.1.35.

## LE MEME",documents/BO0624_83643,http://137.204.64.39/image/iiif/3/BO0624_83643!BO0624_83643_000222-p.%2029.jpg/full/max/0/default.jpg
40,95,## J.DE.MAERTELAERE,"95

## J.DE.MAERTELAERE

Toile Haut. o.3o; Larg. o.40.

|     | Quatre études de paysages.                                 |
|-----|------------------------------------------------------------|",documents/BO0624_83643,http://137.204.64.39/image/iiif/3/BO0624_83643!BO0624_83643_000231-p.%2030.jpg/full/max/0/default.jpg
41,96,| Quatre idem idem.                                          |,| 96  | Quatre idem idem.                                          |,documents/BO0624_83643,http://137.204.64.39/image/iiif/3/BO0624_83643!BO0624_83643_000231-p.%2030.jpg/full/max/0/default.jpg
42,97,| Neuf idem idem.                                            |,| 97  | Neuf idem idem.                                            |,documents/BO0624_83643,http://137.204.64.39/image/iiif/3/BO0624_83643!BO0624_83643_000231-p.%2030.jpg/full/max/0/default.jpg
43,98,| idem idem.                                                 |,| 98  | idem idem.                                                 |,documents/BO0624_83643,http://137.204.64.39/image/iiif/3/BO0624_83643!BO0624_83643_000231-p.%2030.jpg/full/max/0/default.jpg
44,99,| LE MEME                                                    |,| 99  | LE MEME                                                    |,documents/BO0624_83643,http://137.204.64.39/image/iiif/3/BO0624_83643!BO0624_83643_000231-p.%2030.jpg/full/max/0/default.jpg
45,100,"| Verger au printemps. Toile.Haut,o.35;Larg 0 45. LE MEME    |","| 100 | Verger au printemps. Toile.Haut,o.35;Larg 0 45. LE MEME    |
|     | Paysage. Ferme abandonnee en Hesbaye.                      |",documents/BO0624_83643,http://137.204.64.39/image/iiif/3/BO0624_83643!BO0624_83643_000231-p.%2030.jpg/full/max/0/default.jpg
46,101,"| LE MEME Paysage en Hesbaye. Toile. Haut. o.44;Larg. o.3,   |","| 101 | LE MEME Paysage en Hesbaye. Toile. Haut. o.44;Larg. o.3,   |",documents/BO0624_83643,http://137.204.64.39/image/iiif/3/BO0624_83643!BO0624_83643_000231-p.%2030.jpg/full/max/0/default.jpg
47,102,| LE MEME Paysage en Flandre. Moulin a eau pres de Wetteren. |,"| 102 | LE MEME Paysage en Flandre. Moulin a eau pres de Wetteren. |
## 103

## J DE MAERTELAERE

## Prairies des bords de la Lys.

Toile. Haut. o.3o; Larg.o.40.",documents/BO0624_83643,
48,104,| LEMEME Prairies de Tronchiennes. Toile.Haut.o34;Larg.040.                                          |,"| 104   | LEMEME Prairies de Tronchiennes. Toile.Haut.o34;Larg.040.                                          |
|-------|----------------------------------------------------------------------------------------------------|",documents/BO0624_83643,http://137.204.64.39/image/iiif/3/BO0624_83643!BO0624_83643_000232-p.%2031.jpg/full/max/0/default.jpg
49,105,"| LEMEME SousBois,foret de Fontainebleau.                                                            |","| 105   | LEMEME SousBois,foret de Fontainebleau.                                                            |",documents/BO0624_83643,http://137.204.64.39/image/iiif/3/BO0624_83643!BO0624_83643_000232-p.%2031.jpg/full/max/0/default.jpg
50,106,| PAUL VERONESE (D'apres). Les Noces de Cana (fragment).                                             |,| 106   | PAUL VERONESE (D'apres). Les Noces de Cana (fragment).                                             |,documents/BO0624_83643,http://137.204.64.39/image/iiif/3/BO0624_83643!BO0624_83643_000232-p.%2031.jpg/full/max/0/default.jpg
51,107,"| P.-P.RUBENS(D'apres.) Copie de l'Adoration des Mages. (Musee d'Anvers.) Toile, Haut.o 75;Larg.0 55 |","| 107   | P.-P.RUBENS(D'apres.) Copie de l'Adoration des Mages. (Musee d'Anvers.) Toile, Haut.o 75;Larg.0 55 |
|       | LE TITIEN (D'apres) Copie d’apres la Conquete de Chypre. Toile. Haut. o.65;Larg.o.75.              |
## AQUARELLES",documents/BO0624_83643,
52,108,"| ALBERT TOEFAERT Bull-Terrier. Signe:A. ToEFAERT,1885 Haut.o.15; Larg.0.20.                                                   |","| 108   | ALBERT TOEFAERT Bull-Terrier. Signe:A. ToEFAERT,1885 Haut.o.15; Larg.0.20.                                                   |
|-------|------------------------------------------------------------------------------------------------------------------------------|",documents/BO0624_83643,http://137.204.64.39/image/iiif/3/BO0624_83643!BO0624_83643_000241-p.%20%5B32%5D.jpg/full/max/0/default.jpg
53,109,| J.DELVIN La Promenade. Une jeune fille a cheval attend au bas d’un perron de chateau. Haut.o.28;Larg.0.36.                   |,| 109   | J.DELVIN La Promenade. Une jeune fille a cheval attend au bas d’un perron de chateau. Haut.o.28;Larg.0.36.                   |,documents/BO0624_83643,http://137.204.64.39/image/iiif/3/BO0624_83643!BO0624_83643_000241-p.%20%5B32%5D.jpg/full/max/0/default.jpg
54,110,"| R.WYTSMAN Souvenir de Capri. Falaises et constructions etagees de la cote. Signe:R.WyTSMAN, Capri,1883. Haut,o.36;Larg.o.25. |","| 110   | R.WYTSMAN Souvenir de Capri. Falaises et constructions etagees de la cote. Signe:R.WyTSMAN, Capri,1883. Haut,o.36;Larg.o.25. |",documents/BO0624_83643,http://137.204.64.39/image/iiif/3/BO0624_83643!BO0624_83643_000241-p.%20%5B32%5D.jpg/full/max/0/default.jpg
55,III,| AUG.DAEL Paysage. Deux figures pres d'un ruisseau Haut.o.32;Larg.0.44.                                                       |,| III   | AUG.DAEL Paysage. Deux figures pres d'un ruisseau Haut.o.32;Larg.0.44.                                                       |,documents/BO0624_83643,http://137.204.64.39/image/iiif/3/BO0624_83643!BO0624_83643_000241-p.%20%5B32%5D.jpg/full/max/0/default.jpg
56,1,I2   | ARMAND HEINS Paysage en Zelande. Haut.o 27; Larg.o.32.                                                                       |,| 1I2   | ARMAND HEINS Paysage en Zelande. Haut.o 27; Larg.o.32.                                                                       |,documents/BO0624_83643,http://137.204.64.39/image/iiif/3/BO0624_83643!BO0624_83643_000241-p.%20%5B32%5D.jpg/full/max/0/default.jpg
57,113,## G.VAN AISE(1885),"113

## G.VAN AISE(1885)

|     | L'Enfant malade. Dessin a la plume. Haut.o.18;Larg.0.15.                            |
|-----|-------------------------------------------------------------------------------------|",documents/BO0624_83643,http://137.204.64.39/image/iiif/3/BO0624_83643!BO0624_83643_000242-p.%2033.jpg/full/max/0/default.jpg
58,II4,| LE MEME(Rome 1883) Etude de dame romaine. Haut.o.5o; Larg.o.34.                     |,| II4 | LE MEME(Rome 1883) Etude de dame romaine. Haut.o.5o; Larg.o.34.                     |,documents/BO0624_83643,http://137.204.64.39/image/iiif/3/BO0624_83643!BO0624_83643_000242-p.%2033.jpg/full/max/0/default.jpg
59,115,| LE MEME (Rome 1882) Etude de fille de Trastevere. Haut.o.5o;Larg.0.34               |,| 115 | LE MEME (Rome 1882) Etude de fille de Trastevere. Haut.o.5o;Larg.0.34               |,documents/BO0624_83643,http://137.204.64.39/image/iiif/3/BO0624_83643!BO0624_83643_000242-p.%2033.jpg/full/max/0/default.jpg
60,116,"| TH.LYBAERT Moine meditant. Terre noire, portrait de l'artiste. Haut.0 40;Larg.0.20. |","| 116 | TH.LYBAERT Moine meditant. Terre noire, portrait de l'artiste. Haut.0 40;Larg.0.20. |",documents/BO0624_83643,http://137.204.64.39/image/iiif/3/BO0624_83643!BO0624_83643_000242-p.%2033.jpg/full/max/0/default.jpg
61,II7,"| LE MEME Etude de marchand arabe. Haut.o.18; Larg. 0,12.                             |","| II7 | LE MEME Etude de marchand arabe. Haut.o.18; Larg. 0,12.                             |",documents/BO0624_83643,http://137.204.64.39/image/iiif/3/BO0624_83643!BO0624_83643_000242-p.%2033.jpg/full/max/0/default.jpg
62,118,| J.DELVIN Chevaux entrant a lecurie. Haut.o.12;Larg.o.24                             |,| 118 | J.DELVIN Chevaux entrant a lecurie. Haut.o.12;Larg.o.24                             |,documents/BO0624_83643,http://137.204.64.39/image/iiif/3/BO0624_83643!BO0624_83643_000242-p.%2033.jpg/full/max/0/default.jpg
63,119,"| CESAR DE COCK Verger normand. Signe: CEsAR DE Cock, 1881.                           | gbis ANT. VAN DYCK. Dessin au lavis, bistre et encre de Chine. Sujet mythologique; nombreuses figures. Au revers, signature. Haut.o.3o;Larg.o.6o.","| 119 | CESAR DE COCK Verger normand. Signe: CEsAR DE Cock, 1881.                           |

Haut.o.26;Larg.o.36.
## DESSINS ANCIENS - 11gbis ANT. VAN DYCK. Dessin au lavis, bistre et encre de Chine. Sujet mythologique; nombreuses figures. Au revers, signature. Haut.o.3o;Larg.o.6o.",documents/BO0624_83643,
64,120,"Lot de dessins anciens d'Ecoles flamande,francaise et italienne du xvie au xville siecle.","- 120 Lot de dessins anciens d'Ecoles flamande,francaise et italienne du xvie au xville siecle.",documents/BO0624_83643,http://137.204.64.39/image/iiif/3/BO0624_83643!BO0624_83643_000251-p.%20%5B34%5D.jpg/full/max/0/default.jpg
65,I2,I OMMEGANCK. Paysage avec animaux. Dessin a la plume releve d'encre de Chine.,- I2I OMMEGANCK. Paysage avec animaux. Dessin a la plume releve d'encre de Chine.,documents/BO0624_83643,http://137.204.64.39/image/iiif/3/BO0624_83643!BO0624_83643_000251-p.%20%5B34%5D.jpg/full/max/0/default.jpg
66,I22,J.VAN HUGTENBURG. Bataille de cavalerie. Meme genre.,"- I22 J.VAN HUGTENBURG. Bataille de cavalerie. Meme genre.
- ANT. VAN DYCK. Religieuse en oraison. Dessin au crayon",documents/BO0624_83643,http://137.204.64.39/image/iiif/3/BO0624_83643!BO0624_83643_000251-p.%20%5B34%5D.jpg/full/max/0/default.jpg
67,123,noir.,- 123 noir.,documents/BO0624_83643,http://137.204.64.39/image/iiif/3/BO0624_83643!BO0624_83643_000251-p.%20%5B34%5D.jpg/full/max/0/default.jpg
68,124,J. WATTEAU. La Danse. — Dames et seigneurs dansant dans un parc pres d'une fontaine. Dessin au crayon noir. JAc.VAN ARTOIS. Paysage. Crayon noir.,- 124 J. WATTEAU. La Danse. — Dames et seigneurs dansant dans un parc pres d'une fontaine. Dessin au crayon noir. - I25 JAc.VAN ARTOIS. Paysage. Crayon noir.,documents/BO0624_83643,
69,125,a,"- 125a
- THEAULIN.Etude de paysage. Mine de plomb.",documents/BO0624_83643,http://137.204.64.39/image/iiif/3/BO0624_83643!BO0624_83643_000251-p.%20%5B34%5D.jpg/full/max/0/default.jpg
70,I26,"- CH.LEBRUN. Cinq etudes au crayon, dont une interessante.","- I26
- CH.LEBRUN. Cinq etudes au crayon, dont une interessante.",documents/BO0624_83643,http://137.204.64.39/image/iiif/3/BO0624_83643!BO0624_83643_000251-p.%20%5B34%5D.jpg/full/max/0/default.jpg
71,I27,THEO MICHAU. Trois croquis au lavis.,- I27 THEO MICHAU. Trois croquis au lavis.,documents/BO0624_83643,http://137.204.64.39/image/iiif/3/BO0624_83643!BO0624_83643_000251-p.%20%5B34%5D.jpg/full/max/0/default.jpg
72,128,ALBERT CUYP. Deux etudes de paysage avec figures.,- 128 ALBERT CUYP. Deux etudes de paysage avec figures.,documents/BO0624_83643,http://137.204.64.39/image/iiif/3/BO0624_83643!BO0624_83643_000251-p.%20%5B34%5D.jpg/full/max/0/default.jpg
73,129,- J.VAN GOYEN.Paysage hollandais. Crayon noir.,"- 129
- J.VAN GOYEN.Paysage hollandais. Crayon noir.",documents/BO0624_83643,http://137.204.64.39/image/iiif/3/BO0624_83643!BO0624_83643_000251-p.%20%5B34%5D.jpg/full/max/0/default.jpg
74,130,NicoLAs MOLENAER.Interieur de cabaret flamand. San-,"- 130 NicoLAs MOLENAER.Interieur de cabaret flamand. San-
- guine (fatigue).
- J. VAN ULFT.Deux lavis. Constructions architecturales.",documents/BO0624_83643,http://137.204.64.39/image/iiif/3/BO0624_83643!BO0624_83643_000251-p.%20%5B34%5D.jpg/full/max/0/default.jpg
75,I3,I Sepia.,- I3I Sepia.,documents/BO0624_83643,http://137.204.64.39/image/iiif/3/BO0624_83643!BO0624_83643_000251-p.%20%5B34%5D.jpg/full/max/0/default.jpg
76,I32,"- GAsP.DUGUET, dit POUSSIN.Paysage.","- I32
- GAsP.DUGUET, dit POUSSIN.Paysage.",documents/BO0624_83643,http://137.204.64.39/image/iiif/3/BO0624_83643!BO0624_83643_000251-p.%20%5B34%5D.jpg/full/max/0/default.jpg
77,133,- J. JORDAENS. Sainte Famille.Lavis.,"- 133
- J. JORDAENS. Sainte Famille.Lavis.",documents/BO0624_83643,http://137.204.64.39/image/iiif/3/BO0624_83643!BO0624_83643_000251-p.%20%5B34%5D.jpg/full/max/0/default.jpg
78,134,J. WYNANTS. Deux etudes de paysage. Lavis.,- 134 J. WYNANTS. Deux etudes de paysage. Lavis.,documents/BO0624_83643,http://137.204.64.39/image/iiif/3/BO0624_83643!BO0624_83643_000251-p.%20%5B34%5D.jpg/full/max/0/default.jpg
79,135,BERN. VAN ORLEY. Deux dessins. Sujets religieux.,- 135 BERN. VAN ORLEY. Deux dessins. Sujets religieux.,documents/BO0624_83643,http://137.204.64.39/image/iiif/3/BO0624_83643!BO0624_83643_000252-p.%2035.jpg/full/max/0/default.jpg
80,136,ABR.VAN DIEPENBEEK. Sainte Agathe. Crayon.Dessin de J. Cousin.,- 136 ABR.VAN DIEPENBEEK. Sainte Agathe. Crayon.Dessin de J. Cousin.,documents/BO0624_83643,http://137.204.64.39/image/iiif/3/BO0624_83643!BO0624_83643_000252-p.%2035.jpg/full/max/0/default.jpg
81,137,Trois dessins anciens.,- 137 Trois dessins anciens.,documents/BO0624_83643,http://137.204.64.39/image/iiif/3/BO0624_83643!BO0624_83643_000252-p.%2035.jpg/full/max/0/default.jpg
82,138,"- Lots de dessins d'artistes modernes. Van Aise, De Cock, Denduyts,etc.","- 138
- Lots de dessins d'artistes modernes. Van Aise, De Cock, Denduyts,etc.",documents/BO0624_83643,http://137.204.64.39/image/iiif/3/BO0624_83643!BO0624_83643_000252-p.%2035.jpg/full/max/0/default.jpg
83,139,- Lot de dessins anciens.,"- 139
- Lot de dessins anciens.

## GRAVURES",documents/BO0624_83643,http://137.204.64.39/image/iiif/3/BO0624_83643!BO0624_83643_000252-p.%2035.jpg/full/max/0/default.jpg
84,140,"GOLTZIUS, H.Les Douze Apotres.","- 140 GOLTZIUS, H.Les Douze Apotres.",documents/BO0624_83643,http://137.204.64.39/image/iiif/3/BO0624_83643!BO0624_83643_000252-p.%2035.jpg/full/max/0/default.jpg
85,141,"- WILLE, J.G.Les Soins maternels.PORPORATI, d'apres GREUZE. Enfant au chien et une aut. feuille. Ens. trois feuilles au burin.","- 141
- WILLE, J.G.Les Soins maternels.PORPORATI, d'apres GREUZE. Enfant au chien et une aut. feuille. Ens. trois feuilles au burin.
- CHEVILLEZ. Le Petit Marchand doranges.-LEMPE-",documents/BO0624_83643,http://137.204.64.39/image/iiif/3/BO0624_83643!BO0624_83643_000252-p.%2035.jpg/full/max/0/default.jpg
86,I42,REUR. Le Conseil maternel. Deux feuilles au burin.,- I42 REUR. Le Conseil maternel. Deux feuilles au burin.,documents/BO0624_83643,http://137.204.64.39/image/iiif/3/BO0624_83643!BO0624_83643_000252-p.%2035.jpg/full/max/0/default.jpg
87,143,- LOT VARIA.Onze differ. feuilles au burin.,"- 143
- LOT VARIA.Onze differ. feuilles au burin.",documents/BO0624_83643,http://137.204.64.39/image/iiif/3/BO0624_83643!BO0624_83643_000252-p.%2035.jpg/full/max/0/default.jpg
88,144,"- CARS, d'apres LEMOINE. La Toilette de Diane et deux aut. feuilles au burin.","- 144
- CARS, d'apres LEMOINE. La Toilette de Diane et deux aut. feuilles au burin.",documents/BO0624_83643,http://137.204.64.39/image/iiif/3/BO0624_83643!BO0624_83643_000252-p.%2035.jpg/full/max/0/default.jpg
89,145,- 5JACOB ET LEBAS.Le Depart des acteurs de la comedie italienne.-Garde suisse.,"- 145
- 5JACOB ET LEBAS.Le Depart des acteurs de la comedie italienne.-Garde suisse.",documents/BO0624_83643,http://137.204.64.39/image/iiif/3/BO0624_83643!BO0624_83643_000252-p.%2035.jpg/full/max/0/default.jpg
90,146,"- LOT de onze diverses gravures d’apres Boucher, Audran, etc.","- 146
- LOT de onze diverses gravures d’apres Boucher, Audran, etc.",documents/BO0624_83643,http://137.204.64.39/image/iiif/3/BO0624_83643!BO0624_83643_000252-p.%2035.jpg/full/max/0/default.jpg
91,147,"HARBON, d'apres FRAGONARD. Le Messager fidele et pendant.","- 147 HARBON, d'apres FRAGONARD. Le Messager fidele et pendant.",documents/BO0624_83643,http://137.204.64.39/image/iiif/3/BO0624_83643!BO0624_83643_000252-p.%2035.jpg/full/max/0/default.jpg
92,148,"LEVASSEUR, dapres SAINT.AUBIN. Le Carnaval des rues","- 148 LEVASSEUR, dapres SAINT.AUBIN. Le Carnaval des rues
- de Paris.Le Transport des filles de joie.Pendants.",documents/BO0624_83643,http://137.204.64.39/image/iiif/3/BO0624_83643!BO0624_83643_000261-p.%2036.jpg/full/max/0/default.jpg
93,I49,- RUOT. Les Petites Faneuses. Deux feuilles en maniere noire.,"- I49
- RUOT. Les Petites Faneuses. Deux feuilles en maniere noire.",documents/BO0624_83643,http://137.204.64.39/image/iiif/3/BO0624_83643!BO0624_83643_000261-p.%2036.jpg/full/max/0/default.jpg
94,150,"- DE LAUNAY, d'apres FRAGONARD. Suite de six sujets d'interieur avec encadrements. Burin.","- 150
- DE LAUNAY, d'apres FRAGONARD. Suite de six sujets d'interieur avec encadrements. Burin.
- SCHOTT, d’apres DAVID.Bonaparte premier consul. Maniere",documents/BO0624_83643,http://137.204.64.39/image/iiif/3/BO0624_83643!BO0624_83643_000261-p.%2036.jpg/full/max/0/default.jpg
95,151,noire.,- 151 noire.,documents/BO0624_83643,http://137.204.64.39/image/iiif/3/BO0624_83643!BO0624_83643_000261-p.%2036.jpg/full/max/0/default.jpg
96,I52,LOT VARIA. Paysages et animaux. Divers sujets.,"- I52 LOT VARIA. Paysages et animaux. Divers sujets.
- LOT de quatre differ. gravures d'apres des bois de Rubens et",documents/BO0624_83643,http://137.204.64.39/image/iiif/3/BO0624_83643!BO0624_83643_000261-p.%2036.jpg/full/max/0/default.jpg
97,153,Durer. dem de 36 feuilles de diverses lithographies et modeles de,- 153 Durer. - Idem de 36 feuilles de diverses lithographies et modeles de,documents/BO0624_83643,
98,154,dessin.,- 154 dessin.,documents/BO0624_83643,http://137.204.64.39/image/iiif/3/BO0624_83643!BO0624_83643_000261-p.%2036.jpg/full/max/0/default.jpg
99,155,"- HERZ,AuG. (de Augsburg). Le Triomphe dela philosophie.Suite de trois feuilles au burin.","- 155
- HERZ,AuG. (de Augsburg). Le Triomphe dela philosophie.Suite de trois feuilles au burin.",documents/BO0624_83643,http://137.204.64.39/image/iiif/3/BO0624_83643!BO0624_83643_000261-p.%2036.jpg/full/max/0/default.jpg
100,156,LOT VARIA. Sept differ.gravures.,"- 156 LOT VARIA. Sept differ.gravures.
- RYDER, TH.L'Assassinat de James Ir,roi d'Ecosse. Maniere",documents/BO0624_83643,http://137.204.64.39/image/iiif/3/BO0624_83643!BO0624_83643_000261-p.%2036.jpg/full/max/0/default.jpg
101,157,noire.,- 157 noire.,documents/BO0624_83643,http://137.204.64.39/image/iiif/3/BO0624_83643!BO0624_83643_000261-p.%2036.jpg/full/max/0/default.jpg
102,159,159,"159
- LOT de quatre differ. gravures anciennes.
- AUDRAN,d'apres COYPEL.Esther implorant Assuerus et deux autres gravures au burin.",documents/BO0624_83643,http://137.204.64.39/image/iiif/3/BO0624_83643!BO0624_83643_000261-p.%2036.jpg/full/max/0/default.jpg
103,160,"MULLER (de Stuttgart）. Portrait de Mme Vigee-Le Brun, peint","- 160 MULLER (de Stuttgart）. Portrait de Mme Vigee-Le Brun, peint",documents/BO0624_83643,http://137.204.64.39/image/iiif/3/BO0624_83643!BO0624_83643_000261-p.%2036.jpg/full/max/0/default.jpg
104,16,I,"- 16I
- par elle-meme. Encadre.
- ROBINSON, d'apres ROSS. Portrait de Leopold Ier. Sur acier.",documents/BO0624_83643,http://137.204.64.39/image/iiif/3/BO0624_83643!BO0624_83643_000261-p.%2036.jpg/full/max/0/default.jpg
105,162,- 163,"- 162
- 163",documents/BO0624_83643,http://137.204.64.39/image/iiif/3/BO0624_83643!BO0624_83643_000261-p.%2036.jpg/full/max/0/default.jpg
106,164,- INCONNU. Gravure avant la lettre.,"- 164
- INCONNU. Gravure avant la lettre.
- HELMONT,dapres BAUDOUIN,P.A. Le Jardinier galant et une autre feuille.
- LOT de trois differ. feuilles au burin, d'apres Teniers.",documents/BO0624_83643,http://137.204.64.39/image/iiif/3/BO0624_83643!BO0624_83643_000261-p.%2036.jpg/full/max/0/default.jpg
107,165,- BERTHAULT. Port Royal.- Quai Saint-Paul.Deux vues de Paris.,"- 165
- BERTHAULT. Port Royal.- Quai Saint-Paul.Deux vues de Paris.",documents/BO0624_83643,http://137.204.64.39/image/iiif/3/BO0624_83643!BO0624_83643_000261-p.%2036.jpg/full/max/0/default.jpg
108,166,"- DU CHANGE,d'apres COYPEL. La Toilette de Diane et deux aut.feuilles.","- 166
- DU CHANGE,d'apres COYPEL. La Toilette de Diane et deux aut.feuilles.",documents/BO0624_83643,http://137.204.64.39/image/iiif/3/BO0624_83643!BO0624_83643_000261-p.%2036.jpg/full/max/0/default.jpg
109,167,- VERNET (D'apres). Trois differ. gravures au burin.,"- 167
- VERNET (D'apres). Trois differ. gravures au burin.",documents/BO0624_83643,http://137.204.64.39/image/iiif/3/BO0624_83643!BO0624_83643_000261-p.%2036.jpg/full/max/0/default.jpg
110,168,"- PIRANESI, J.-B., chev. Cinq differ. vues de Rome, etc,","- 168
- PIRANESI, J.-B., chev. Cinq differ. vues de Rome, etc,",documents/BO0624_83643,http://137.204.64.39/image/iiif/3/BO0624_83643!BO0624_83643_000261-p.%2036.jpg/full/max/0/default.jpg
111,169,"SMITH,d'apres MORLAND.Dogand cat.","- 169 SMITH,d'apres MORLAND.Dogand cat.",documents/BO0624_83643,http://137.204.64.39/image/iiif/3/BO0624_83643!BO0624_83643_000262-p.%2037.jpg/full/max/0/default.jpg
112,170,"- BARTHOLOTTI,d'apres MORLAND.The virtuous parent et deux autres feuilles du meme. Maniere noire.","- 170
- BARTHOLOTTI,d'apres MORLAND.The virtuous parent et deux autres feuilles du meme. Maniere noire.
- SCHELTE a BOLSWERT,d'apres QUELLIN. Entree de larchiduc Leopold. Suite de quatre feuilles formant par leur",documents/BO0624_83643,http://137.204.64.39/image/iiif/3/BO0624_83643!BO0624_83643_000262-p.%2037.jpg/full/max/0/default.jpg
113,I7,I reunion un magnifique sujet.,- I7I reunion un magnifique sujet.,documents/BO0624_83643,http://137.204.64.39/image/iiif/3/BO0624_83643!BO0624_83643_000262-p.%2037.jpg/full/max/0/default.jpg
114,I72,- LOT VARIA de vingt-deux differ.gravures au burin.,"- I72
- LOT VARIA de vingt-deux differ.gravures au burin.",documents/BO0624_83643,http://137.204.64.39/image/iiif/3/BO0624_83643!BO0624_83643_000262-p.%2037.jpg/full/max/0/default.jpg
115,I73,Idem,"- I73 Idem
- de huit feuilles.",documents/BO0624_83643,http://137.204.64.39/image/iiif/3/BO0624_83643!BO0624_83643_000262-p.%2037.jpg/full/max/0/default.jpg
116,174,Idem de vingt-huit feuilles.,- 174 Idem de vingt-huit feuilles.,documents/BO0624_83643,http://137.204.64.39/image/iiif/3/BO0624_83643!BO0624_83643_000262-p.%2037.jpg/full/max/0/default.jpg
117,I75,Idem,"- I75 Idem
- de trente-quatre feuilles.",documents/BO0624_83643,http://137.204.64.39/image/iiif/3/BO0624_83643!BO0624_83643_000262-p.%2037.jpg/full/max/0/default.jpg
118,I76,Idem de onze feuilles. Burin.,- I76 Idem de onze feuilles. Burin.,documents/BO0624_83643,http://137.204.64.39/image/iiif/3/BO0624_83643!BO0624_83643_000262-p.%2037.jpg/full/max/0/default.jpg
119,177,Idem de soixante-cinq feuilles.,- 177 Idem de soixante-cinq feuilles.,documents/BO0624_83643,http://137.204.64.39/image/iiif/3/BO0624_83643!BO0624_83643_000262-p.%2037.jpg/full/max/0/default.jpg
120,178,Idem de soixante-six differ. grav. de Lebas et autres,- 178 Idem de soixante-six differ. grav. de Lebas et autres,documents/BO0624_83643,http://137.204.64.39/image/iiif/3/BO0624_83643!BO0624_83643_000262-p.%2037.jpg/full/max/0/default.jpg
121,179,"- d'apres Teniers,Rembrandt,etc. dem de sept gravures a la sanguine. Etudes de figures.","- 179
- d'apres Teniers,Rembrandt,etc. - Idem de sept gravures a la sanguine. Etudes de figures.",documents/BO0624_83643,
122,180,- 181,"- 180
- 181",documents/BO0624_83643,http://137.204.64.39/image/iiif/3/BO0624_83643!BO0624_83643_000262-p.%2037.jpg/full/max/0/default.jpg
123,I,dem de seize idem.,"- Idem de seize idem.
- KAUFFMANN, ANGEL.(D'apres). Coriolan et Veturie et une autre feuille de la meme. Grav. en couleur, remargees.",documents/BO0624_83643,http://137.204.64.39/image/iiif/3/BO0624_83643!BO0624_83643_000262-p.%2037.jpg/full/max/0/default.jpg
124,182,"DAVID (D'apres).Paris et Helene. Grav.en couleur, remargee.","- 182 DAVID (D'apres).Paris et Helene. Grav.en couleur, remargee.",documents/BO0624_83643,http://137.204.64.39/image/iiif/3/BO0624_83643!BO0624_83643_000262-p.%2037.jpg/full/max/0/default.jpg
125,183,"CALLOT, J. Huit sujets de la suite des α Miseres de la guerre 》。 Eaux-fortes.","- 183 CALLOT, J. Huit sujets de la suite des α Miseres de la guerre 》。 Eaux-fortes.",documents/BO0624_83643,http://137.204.64.39/image/iiif/3/BO0624_83643!BO0624_83643_000262-p.%2037.jpg/full/max/0/default.jpg
126,184,"LOT de dix diff. gravures par Wille, d'apres Schalken, etc.","- 184 LOT de dix diff. gravures par Wille, d'apres Schalken, etc.",documents/BO0624_83643,http://137.204.64.39/image/iiif/3/BO0624_83643!BO0624_83643_000262-p.%2037.jpg/full/max/0/default.jpg
127,185,LOT VARIA de diverses gravures anciennes.,- 185 LOT VARIA de diverses gravures anciennes.,documents/BO0624_83643,http://137.204.64.39/image/iiif/3/BO0624_83643!BO0624_83643_000262-p.%2037.jpg/full/max/0/default.jpg
128,186,Idem de diverses gravures et eaux-fortes modernes.,- 186 Idem de diverses gravures et eaux-fortes modernes.,documents/BO0624_83643,http://137.204.64.39/image/iiif/3/BO0624_83643!BO0624_83643_000262-p.%2037.jpg/full/max/0/default.jpg
129,187,ONGHENA. Plan panoramique de Gand en 1534 et deux autres,"- 187 ONGHENA. Plan panoramique de Gand en 1534 et deux autres
- gravv.
- CEsAR DE COCK. Collection complete de lceuvre de l'artiste eminent aqua-fortiste. Vingt-sept epreuves de premier choix et divers etats des planches gravees par cet habile artiste.",documents/BO0624_83643,http://137.204.64.39/image/iiif/3/BO0624_83643!BO0624_83643_000262-p.%2037.jpg/full/max/0/default.jpg
130,188,- 189 LOT VARIA de douze differ. gravures au burin.,"- 188
- 189 LOT VARIA de douze differ. gravures au burin.",documents/BO0624_83643,http://137.204.64.39/image/iiif/3/BO0624_83643!BO0624_83643_000262-p.%2037.jpg/full/max/0/default.jpg
131,I,go Idem de diverses gravures au burin.,- Igo Idem de diverses gravures au burin.,documents/BO0624_83643,http://137.204.64.39/image/iiif/3/BO0624_83643!BO0624_83643_000262-p.%2037.jpg/full/max/0/default.jpg
132,I91,"LOT de divers sujets d'apres Boucher, Huet, etc. et un dessin","- I91 LOT de divers sujets d'apres Boucher, Huet, etc. et un dessin
- original de Van Ryschoot.",documents/BO0624_83643,http://137.204.64.39/image/iiif/3/BO0624_83643!BO0624_83643_000262-p.%2037.jpg/full/max/0/default.jpg
133,192,"MOLTKE, d’apres RUBENS. Suite de trente-trois feuilles de","- 192 MOLTKE, d’apres RUBENS. Suite de trente-trois feuilles de
- plafonds et caissons decoratifs.
- LOT fac-simile a la sanguine et varia.",documents/BO0624_83643,http://137.204.64.39/image/iiif/3/BO0624_83643!BO0624_83643_000271-p.%2038.jpg/full/max/0/default.jpg
134,193,- 194 DEMARTEAU d'apres HUET.Emblemes et trophees a la,"- 193
- 194 DEMARTEAU d'apres HUET.Emblemes et trophees a la
- sanguine, sept epreuves anciennes.",documents/BO0624_83643,http://137.204.64.39/image/iiif/3/BO0624_83643!BO0624_83643_000271-p.%2038.jpg/full/max/0/default.jpg
135,195,"WOLF.Recueil de dessins pour meubles, fauteuils, etc. Trenteneuf feuilles.","- 195 WOLF.Recueil de dessins pour meubles, fauteuils, etc. Trenteneuf feuilles.",documents/BO0624_83643,http://137.204.64.39/image/iiif/3/BO0624_83643!BO0624_83643_000271-p.%2038.jpg/full/max/0/default.jpg
136,196,- LOT VARIA de photographies diverses.,"- 196
- LOT VARIA de photographies diverses.",documents/BO0624_83643,http://137.204.64.39/image/iiif/3/BO0624_83643!BO0624_83643_000271-p.%2038.jpg/full/max/0/default.jpg
137,197,"- J.CALLOT.Fantaisies.Recueil 1635.S.1.Eaux-fortes. dem. Série de gueux, 24 sujets. —Les Bohemiens en voyage,","- 197
- J.CALLOT.Fantaisies.Recueil 1635.S.1.Eaux-fortes. - Idem. Série de gueux, 24 sujets. —Les Bohemiens en voyage,",documents/BO0624_83643,
138,198,4 sujets.,- 198 4 sujets.,documents/BO0624_83643,http://137.204.64.39/image/iiif/3/BO0624_83643!BO0624_83643_000271-p.%2038.jpg/full/max/0/default.jpg
139,199,"HOUBRAKEN,A.Treize sujets bibliques.","- 199 HOUBRAKEN,A.Treize sujets bibliques.",documents/BO0624_83643,http://137.204.64.39/image/iiif/3/BO0624_83643!BO0624_83643_000271-p.%2038.jpg/full/max/0/default.jpg
140,200,LOT VARIA de gravures anciennes.,- 200 LOT VARIA de gravures anciennes.,documents/BO0624_83643,http://137.204.64.39/image/iiif/3/BO0624_83643!BO0624_83643_000271-p.%2038.jpg/full/max/0/default.jpg
141,201,LOT VARIA.Huit planches:sujets de chevaux. Anciens et,- 201 LOT VARIA.Huit planches:sujets de chevaux. Anciens et,documents/BO0624_83643,http://137.204.64.39/image/iiif/3/BO0624_83643!BO0624_83643_000271-p.%2038.jpg/full/max/0/default.jpg
142,202,- 203,"- 202
- 203",documents/BO0624_83643,http://137.204.64.39/image/iiif/3/BO0624_83643!BO0624_83643_000271-p.%2038.jpg/full/max/0/default.jpg
143,204,- modernes.,"- 204
- modernes.",documents/BO0624_83643,http://137.204.64.39/image/iiif/3/BO0624_83643!BO0624_83643_000271-p.%2038.jpg/full/max/0/default.jpg
144,I,dem. Dix planches.,- Idem. Dix planches.,documents/BO0624_83643,http://137.204.64.39/image/iiif/3/BO0624_83643!BO0624_83643_000271-p.%2038.jpg/full/max/0/default.jpg
145,I,"dem. Trente planches, d’apres V.Adam.","- Idem. Trente planches, d’apres V.Adam.
- CARLE VERNET.Dix-neuf planches. Chevaux.",documents/BO0624_83643,http://137.204.64.39/image/iiif/3/BO0624_83643!BO0624_83643_000271-p.%2038.jpg/full/max/0/default.jpg
146,205,V.ADAM.Douze planches idem.,- 205 V.ADAM.Douze planches idem.,documents/BO0624_83643,http://137.204.64.39/image/iiif/3/BO0624_83643!BO0624_83643_000271-p.%2038.jpg/full/max/0/default.jpg
147,206,AUBRY.Histoire pittoresque de Pequitation ancienne et moderne.,- 206 AUBRY.Histoire pittoresque de Pequitation ancienne et moderne.,documents/BO0624_83643,http://137.204.64.39/image/iiif/3/BO0624_83643!BO0624_83643_000271-p.%2038.jpg/full/max/0/default.jpg
148,207,DE LA RIVIERE. Portraits des papes et empereurs (fatigue).,- 207 DE LA RIVIERE. Portraits des papes et empereurs (fatigue).,documents/BO0624_83643,http://137.204.64.39/image/iiif/3/BO0624_83643!BO0624_83643_000271-p.%2038.jpg/full/max/0/default.jpg
149,208,LOT VARIA de neuf gravures au burin.,- 208 LOT VARIA de neuf gravures au burin.,documents/BO0624_83643,http://137.204.64.39/image/iiif/3/BO0624_83643!BO0624_83643_000271-p.%2038.jpg/full/max/0/default.jpg
150,209,SAINT-AUBIN. Neuf diff.portraits de personnages historiques.,- 209 SAINT-AUBIN. Neuf diff.portraits de personnages historiques.,documents/BO0624_83643,http://137.204.64.39/image/iiif/3/BO0624_83643!BO0624_83643_000271-p.%2038.jpg/full/max/0/default.jpg
151,210,"les contes de Lafontaine,La Henriade, etc.,in-8.","- 210 les contes de Lafontaine,La Henriade, etc.,in-8.
- MOREAU LE JEUNE. Soixante-sept gravures pour illustrer",documents/BO0624_83643,http://137.204.64.39/image/iiif/3/BO0624_83643!BO0624_83643_000271-p.%2038.jpg/full/max/0/default.jpg
152,21,I PINELLI. Six diff. sujets classiques.,- 21I PINELLI. Six diff. sujets classiques.,documents/BO0624_83643,http://137.204.64.39/image/iiif/3/BO0624_83643!BO0624_83643_000271-p.%2038.jpg/full/max/0/default.jpg
153,213,AUDRAN d'apres BOURDON. Sept differ. sujets classiques. LOT VARIA de quatorze planches figures.,- 213 AUDRAN d'apres BOURDON. Sept differ. sujets classiques. - 212 LOT VARIA de quatorze planches figures.,documents/BO0624_83643,
154,214,LOT VARIA.Figures.,- 214 LOT VARIA.Figures.,documents/BO0624_83643,http://137.204.64.39/image/iiif/3/BO0624_83643!BO0624_83643_000271-p.%2038.jpg/full/max/0/default.jpg
155,215,Idem.Idem.26 feuilles.,- 215 Idem.Idem.26 feuilles.,documents/BO0624_83643,http://137.204.64.39/image/iiif/3/BO0624_83643!BO0624_83643_000271-p.%2038.jpg/full/max/0/default.jpg
156,216,Idem.Diverses gravures et eaux-fortes.,- 216 Idem.Diverses gravures et eaux-fortes.,documents/BO0624_83643,http://137.204.64.39/image/iiif/3/BO0624_83643!BO0624_83643_000271-p.%2038.jpg/full/max/0/default.jpg
157,217,- SAINT-AUBIN. Quatre feuilles de la suite des &amp; Jeux des gamins de Paris 》.Burin.,"- 217
- SAINT-AUBIN. Quatre feuilles de la suite des &amp; Jeux des gamins de Paris 》.Burin.",documents/BO0624_83643,http://137.204.64.39/image/iiif/3/BO0624_83643!BO0624_83643_000272-p.%2039.jpg/full/max/0/default.jpg
158,218,"LOT de quatre gravures modernes d'apres Fortuny, Hans Mackart, etc.","- 218 LOT de quatre gravures modernes d'apres Fortuny, Hans Mackart, etc.",documents/BO0624_83643,http://137.204.64.39/image/iiif/3/BO0624_83643!BO0624_83643_000272-p.%2039.jpg/full/max/0/default.jpg
159,219,LOT VARIA. Quatre gravures modernes.,- 219 LOT VARIA. Quatre gravures modernes.,documents/BO0624_83643,http://137.204.64.39/image/iiif/3/BO0624_83643!BO0624_83643_000272-p.%2039.jpg/full/max/0/default.jpg
160,220,"autres, dem. Cinq gravures d'apres Dyckmans, Cermack et","- 220 autres, - Idem. Cinq gravures d'apres Dyckmans, Cermack et",documents/BO0624_83643,
161,221,- l'eau-forte.,"- 221
- l'eau-forte.
- WILMAN, d’apres MARAK.Les Quatre Saisons. Paysages a",documents/BO0624_83643,http://137.204.64.39/image/iiif/3/BO0624_83643!BO0624_83643_000272-p.%2039.jpg/full/max/0/default.jpg
162,222,LELEU ARM.ET NANTEUIL. Cinq differentes lithographies.,- 222 LELEU ARM.ET NANTEUIL. Cinq differentes lithographies.,documents/BO0624_83643,http://137.204.64.39/image/iiif/3/BO0624_83643!BO0624_83643_000272-p.%2039.jpg/full/max/0/default.jpg
163,223,Em.Wauters.,- 223 Em.Wauters.,documents/BO0624_83643,http://137.204.64.39/image/iiif/3/BO0624_83643!BO0624_83643_000272-p.%2039.jpg/full/max/0/default.jpg
164,224,"- LOT de quatres gravures modernes d'apres Hamon, Madou et","- 224
- LOT de quatres gravures modernes d'apres Hamon, Madou et
- LOT de trente-sept planches coloriees. Costumes italiens.",documents/BO0624_83643,http://137.204.64.39/image/iiif/3/BO0624_83643!BO0624_83643_000272-p.%2039.jpg/full/max/0/default.jpg
165,225,Idem de treize feuilles en couleur. Musee populaire de Belgique.,"- 225 Idem de treize feuilles en couleur. Musee populaire de Belgique.
- Costumes militaires par Dillens, Heyndrickx, etc., etc.",documents/BO0624_83643,http://137.204.64.39/image/iiif/3/BO0624_83643!BO0624_83643_000272-p.%2039.jpg/full/max/0/default.jpg
166,226,LOTVARIA.,- 226 LOTVARIA.,documents/BO0624_83643,http://137.204.64.39/image/iiif/3/BO0624_83643!BO0624_83643_000272-p.%2039.jpg/full/max/0/default.jpg
167,227,LOT de portraits d'hommes illustres de tous les pays.,- 227 LOT de portraits d'hommes illustres de tous les pays.,documents/BO0624_83643,http://137.204.64.39/image/iiif/3/BO0624_83643!BO0624_83643_000272-p.%2039.jpg/full/max/0/default.jpg
168,228,- Almanach d'Amsterdam 1762.(Fatigue.),"- 228
- Almanach d'Amsterdam 1762.(Fatigue.)",documents/BO0624_83643,http://137.204.64.39/image/iiif/3/BO0624_83643!BO0624_83643_000272-p.%2039.jpg/full/max/0/default.jpg
169,229,- DAVID(D'apres). Portrait de l'imperatrice Marie-Louise. Maniere noire av.l. 1.,"- 229
- DAVID(D'apres). Portrait de l'imperatrice Marie-Louise. Maniere noire av.l. 1.",documents/BO0624_83643,http://137.204.64.39/image/iiif/3/BO0624_83643!BO0624_83643_000272-p.%2039.jpg/full/max/0/default.jpg
170,230,"CHAPONNIER, d'apres FOURNIER. Le Retour de la promenade.—HENRI GERARD,d'apres MARGUER. GERARD.","- 230 CHAPONNIER, d'apres FOURNIER. Le Retour de la promenade.—HENRI GERARD,d'apres MARGUER. GERARD.",documents/BO0624_83643,http://137.204.64.39/image/iiif/3/BO0624_83643!BO0624_83643_000272-p.%2039.jpg/full/max/0/default.jpg
171,231,"- Le Bouquet. Deux feuilles av. l. l., maniere noire.","- 231
- Le Bouquet. Deux feuilles av. l. l., maniere noire.
- DE LAUNAY,d'apres AUBRY.Premiere Lecon.-BERVIC, d'apres LEPICIE. La Demande accepte.Deux feuilles. Burin.",documents/BO0624_83643,http://137.204.64.39/image/iiif/3/BO0624_83643!BO0624_83643_000272-p.%2039.jpg/full/max/0/default.jpg
172,233,233,"233
- DE LAUNAY,d'apres WEENIX.La Partie de plaisir. AVRIL, dapres BERGHEM. Le Passage du Rhin.Deux feuilles. Burin.
- BOLSWERT, d'apres VAN DYCK. Ivresse de Silene.— VISCHER et BASAN. La Mort aux rats. Deux eaux-fortes.
- VANGELISTY,d'apres GuIDo RENI.Pyrame et Thisbe.",documents/BO0624_83643,http://137.204.64.39/image/iiif/3/BO0624_83643!BO0624_83643_000272-p.%2039.jpg/full/max/0/default.jpg
173,234,"AVRIL,d'apres LOUISE VIGEE-LEBRUN.Portrait de Mme Vigee-Lebrun avec sa fille. Av. 1. 1.Deux feuilles. Burin.","- 234 AVRIL,d'apres LOUISE VIGEE-LEBRUN.Portrait de Mme Vigee-Lebrun avec sa fille. Av. 1. 1.Deux feuilles. Burin.
- BERVIC, d'apres REGNAULT et GuIDo RENI. L'Education 235 d'Achille et l'Enlevement de Dejanire. Deux feuilles. Burin.
- LOTVARIA.AVRIL,d'apres LESUEUR.-BOLSWERT, 236 d'apres RUBENS et aut. Ens.3 feuilles.",documents/BO0624_83643,
174,237,LOT de six differentes bonnes gravures.,"- 237 LOT de six differentes bonnes gravures.

<!-- image -->",documents/BO0624_83643,http://137.204.64.39/image/iiif/3/BO0624_83643!BO0624_83643_000281-p.%2040.jpg/full/max/0/default.jpg
175,238,239,"238

239",documents/BO0624_83643,http://137.204.64.39/image/iiif/3/BO0624_83643!BO0624_83643_000282-p.%20%5B41%5D.jpg/full/max/0/default.jpg
176,240,241,"240

241

## SCULPTURES

## DoM.VAN DEN BOSSCHE

Nymphe et Dieu Pan (Terre cuite).

Signe : D. VAN DEN BossCHE, 1883.

## ANTOINE VAN EENAEME

La Fuite en Egypte (Modele platre).

Panneau execute en ronde-bosse. Des anges accompagnent et protegent la Sainte Famille.

Haut.1.15;Larg.1.40.

Haut.o.5o;Larg.o.84

LEMEME

Amour couche.

JEFLAMBEAUX

Dis bo njour (Modele platre).

Une jeune femme accroupie tient un enfant et lui fait faire le geste d'envoyer un baiser.

Signe:JEF LAMBEAUx,Antw.,1875.

Haut.1.00.

Haut,0.94",documents/BO0624_83643,http://137.204.64.39/image/iiif/3/BO0624_83643!BO0624_83643_000282-p.%20%5B41%5D.jpg/full/max/0/default.jpg
177,243,## Lutteurs.,"243

## Lutteurs.

Deux hommes aux prises s'etreignent et lun d'eux a perdu pied.

Signe:JEFLAMBEAUx,Bruxelles,1883.

Platre ciré. Haut,o.7o; Larg. o.66.",documents/BO0624_83643,http://137.204.64.39/image/iiif/3/BO0624_83643!BO0624_83643_000291-p.%2042.jpg/full/max/0/default.jpg
178,244,Objets omis au catalogue.,"244 Objets omis au catalogue.

<!-- image -->

## JEFLAMBEAUX

## Le Bain force (Modele platre).

Un gamin d'une quinzaine d'annees se prepare a prendre un bain de riviere. Il porte sur les epaules un enfant qui hurle de peur aux approches de l'inexorable plongeon.

Haut.1 8o.

## LE MEME",documents/BO0624_83643,http://137.204.64.39/image/iiif/3/BO0624_83643!BO0624_83643_000291-p.%2042.jpg/full/max/0/default.jpg
